symbol,eps,book_value,dividend_per_share,eps_growth_pct,graham_number,roe,roa,payout_ratio,debt_to_equity,fetch_price,fetch_pe_ratio,fetch_pb_ratio,fetch_peg_ratio,fetch_dividend_yield,fetch_graham_discount,fetch_date
ACLBSL,27.753164556962023,182.70833333333334,0.0,30.095238095238095,337.77436984011393,16.47,1.64,0.0,7.9596,877.0,31.6,4.8,1.05,0.0,161.0,2026-09-24
ADBL,16.1340206185567,240.76923076923077,12.989500000000001,,295.6399059747485,6.96,0.59,81.0,9.7986,313.0,19.4,1.3,0.0,4.15,7.0,2026-09-24
AHL,-17.432900432900432,68.25423728813558,0.0,,,0.0,-4.54,-0.0,,402.7,-23.1,5.9,0.0,0.0,,2026-09-24
AHPC,3.413043478260869,111.20833333333333,4.99103,29.96168582375479,92.41252473696879,3.13,2.89,147.0,,266.9,78.2,2.4,2.61,1.87,191.0,2026-09-24
AKJCL,3.1793960923623446,94.21052631578948,0.0,,82.09435445038818,3.45,2.46,0.0,,358.0,112.6,3.8,0.0,0.0,337.0,2026-09-24
AKPL,2.0452708164915117,101.2,0.0,,68.24281390118063,2.01,1.14,0.0,,253.0,123.7,2.5,0.0,0.0,270.0,2026-09-24
ALBSL,32.62222222222223,175.28358208955225,9.512640000000003,30.0,358.6894886301122,20.01,2.24,29.0,7.7833,1174.4,36.0,6.7,1.2,0.81,228.0,2026-09-24
ALICL,7.883424408014572,120.22222222222223,9.997679999999999,12.281879194630873,146.02966487559786,6.62,0.7,127.0,,432.8,54.9,3.6,4.47,2.31,196.0,2026-09-24
ANLB,69.74825174825175,361.3768115942029,14.961,,753.0747099051279,18.81,3.16,22.0,5.7284,4987.0,71.5,13.8,0.0,0.3,561.0,2026-09-24
APHL,-4.121621621621621,101.66666666666667,0.0,,,0.0,-1.23,-0.0,,671.0,-162.8,6.6,0.0,0.0,,2026-09-24
API,15.081081081081082,119.57142857142858,4.98852,30.0,201.42863304032576,13.4,6.43,33.0,1.0478,334.8,22.2,2.8,0.74,1.49,66.0,2026-09-24
AVYAN,56.98924731182795,158.2089552238806,0.0,,450.4050496103391,39.66,3.87,0.0,8.3496,1060.0,18.6,6.7,0.0,0.0,135.0,2026-09-24
BANDIPUR,-0.482363581549593,91.42857142857143,0.0,,,0.0,-0.35,-0.0,,640.0,-1326.8,7.0,0.0,0.0,,2026-09-24
BARUN,2.081736909323116,108.66666666666667,4.9878,30.0,71.34316185378259,1.97,1.78,240.0,,326.0,156.6,3.0,5.22,1.53,358.0,2026-09-24
BBC,,,0.0,,,0.0,0.0,0.0,,4090.5,0.0,,0.0,0.0,,2026-09-24
BEDC,-1.6963207029104888,46.1044776119403,0.0,,,0.0,-1.09,-0.0,,308.9,-182.1,6.7,0.0,0.0,,2026-09-24
BFC,7.842105263157895,111.75,0.0,30.0,140.4207727547909,6.79,0.95,0.0,,447.0,57.0,4.0,1.9,0.0,217.0,2026-09-24
BGWT,9.010989010989011,114.4186046511628,20.0244,,152.3090862561958,8.15,6.44,222.0,,492.0,54.6,4.3,0.0,4.07,225.0,2026-09-24
BHCL,10.804511278195488,112.70588235294117,10.00152,,165.5263407513434,9.61,8.25,93.0,,574.8,53.2,5.1,0.0,1.74,247.0,2026-09-24
BHDC,11.777173913043478,117.13513513513513,4.9841,29.91869918699187,176.1795087427098,10.37,4.7,42.0,,433.4,36.8,3.7,1.23,1.15,145.0,2026-09-24
BHL,7.716363636363636,81.61538461538461,0.0,,119.03745076787676,9.78,3.25,0.0,,212.2,27.5,2.6,0.0,0.0,79.0,2026-09-24
BHPL,-0.29688847608306246,50.28089887640449,0.0,,,0.0,-0.2,-0.0,,447.5,-1507.3,8.9,0.0,0.0,,2026-09-24
BJHL,-2.5990299110751818,89.30555555555556,0.0,,,0.0,-1.43,-0.0,,643.0,-247.4,7.2,0.0,0.0,,2026-09-24
BNHC,1.4940987124463518,99.46428571428572,0.0,,57.82484654067387,2.06,0.85,0.0,,278.5,186.4,2.8,0.0,0.0,379.0,2026-09-24
BNT,545.5,3428.8571428571427,0.0,30.136986301369863,6487.290293885642,17.36,7.47,0.0,0.9429,12001.0,22.0,3.5,0.73,0.0,84.0,2026-09-24
BPCL,9.839883551673944,211.25,6.0164,30.0,216.2641822090524,4.69,4.17,61.0,,676.0,68.7,3.2,2.29,0.89,213.0,2026-09-24
BUNGAL,-3.8386855862584017,81.5873015873016,0.0,,,0.0,-1.07,-0.0,,514.0,-133.9,6.3,0.0,0.0,,2026-09-24
CBBL,35.96992481203007,251.78947368421052,24.972479999999997,13.92670157068063,451.4189737149268,15.06,2.36,70.0,5.3495,956.8,26.6,3.8,1.91,2.61,112.0,2026-09-24
CFCL,13.45734597156398,123.45652173913044,0.0,,193.3427922719418,11.61,1.34,0.0,7.5752,567.9,42.2,4.6,0.0,0.0,195.0,2026-09-24
CGH,5.12259774685222,105.89041095890411,0.0,,110.47517623115657,5.04,2.12,0.0,,773.0,150.9,7.3,0.0,0.0,600.0,2026-09-24
CHCL,7.586206896551724,125.71428571428572,12.0032,5.543608124253286,146.48593133409685,6.23,5.97,158.0,,352.0,46.4,2.8,8.37,3.41,142.0,2026-09-24
CHDC,61.11959287531807,269.8876404494382,11.049199999999999,29.999999999999996,609.2183606005916,26.15,25.67,18.0,0.0209,2402.0,39.3,8.9,1.31,0.46,295.0,2026-09-24
CHL,1.7203608247422681,83.4375,0.0,,56.830525618497866,2.07,0.99,0.0,,267.0,155.2,3.2,0.0,0.0,367.0,2026-09-24
CIT,19.829738933030647,151.91304347826087,12.927800000000001,10.678787878787878,260.3438300318659,13.06,0.41,66.0,34.6842,1747.0,88.1,11.5,8.25,0.74,570.0,2026-09-24
CITY,-5.747967479674797,95.54054054054053,0.0,,,0.0,-3.05,-0.0,,353.5,-61.5,3.7,0.0,0.0,,2026-09-24
CKHL,13.236363636363636,100.41379310344827,0.0,,172.93077601033326,14.14,4.46,0.0,1.9597,582.4,44.0,5.8,0.0,0.0,237.0,2026-09-24
CLI,7.815275310834814,133.33333333333334,20.02,,153.12029889111517,5.69,1.48,256.0,,440.0,56.3,3.3,0.0,4.55,189.0,2026-09-24
CORBL,9.545018007202883,139.49122807017542,0.0,29.964028776978417,173.082469895062,6.94,1.68,0.0,,795.1,83.3,5.7,2.78,0.0,359.0,2026-09-24
CREST,0.33685823754789274,104.66666666666667,0.0,,28.16560223793,0.31,0.22,0.0,,1099.0,3262.5,10.5,0.0,0.0,3794.0,2026-09-24
CYCL,110.88435374149661,354.34782608695656,12.714,,940.2455360944391,38.63,4.02,12.0,6.6233,1630.0,14.7,4.6,0.0,0.78,73.0,2026-09-24
CZBIL,13.50632911392405,164.15384615384616,3.9905800000000005,25.07936507936508,223.34974167901288,8.9,0.84,30.0,9.7942,213.4,15.8,1.3,0.63,1.87,-3.0,2026-09-24
DDBL,48.10055865921788,226.57894736842107,14.981399999999999,29.833333333333332,495.19482413376255,23.35,3.53,31.0,5.378,861.0,17.9,3.8,0.6,1.74,74.0,2026-09-24
DHEL,-9.875222816399287,117.87234042553192,0.0,,,0.0,-3.53,-0.0,,554.0,-56.1,4.7,0.0,0.0,,2026-09-24
DHPL,5.511022044088176,8.384146341463415,0.0,,32.24309762484038,88.27,1.9,0.0,,275.0,49.9,32.8,0.0,0.0,753.0,2026-09-24
DLBS,15.71186440677966,150.6375,0.0,,230.76591912144673,9.59,0.82,0.0,11.2703,1205.1,76.7,8.0,0.0,0.0,422.0,2026-09-24
DOLTI,0.867169373549884,59.8,0.0,,34.15810873147647,1.49,0.45,0.0,,299.0,344.8,5.0,0.0,0.0,775.0,2026-09-24
DORDI,1.4216216216216215,105.2,0.0,29.983792544570502,58.00843368320143,1.35,0.99,0.0,,263.0,185.0,2.5,6.17,0.0,351.0,2026-09-24
EBL,36.8994708994709,258.29629629629625,14.994099999999998,17.027027027027025,463.08468452767,15.26,1.35,41.0,9.9047,697.4,18.9,2.7,1.11,2.15,51.0,2026-09-24
ECL,7.37677859988617,116.76576576576576,0.0,,139.21383568903988,6.32,5.33,0.0,,1296.1,175.7,11.1,0.0,0.0,832.0,2026-09-24
EDBL,24.78448275862069,179.6875,0.0,30.129870129870127,316.54839958214484,14.35,1.56,0.0,8.5966,575.0,23.2,3.2,0.77,0.0,83.0,2026-09-24
EHPL,3.393561786085151,76.0,0.0,,76.17736313502593,4.45,1.92,0.0,,326.8,96.3,4.3,0.0,0.0,328.0,2026-09-24
ENL,2.7016683022571146,110.12,5.01046,0.4614827227027762,81.8164014883474,2.46,2.4,185.0,,550.6,203.8,5.0,441.62,0.91,573.0,2026-09-24
FMDBL,14.169776119402984,138.0909090909091,6.5317,4.612736660929432,209.82406554949262,10.73,3.18,46.0,2.0851,759.5,53.6,5.5,11.62,0.86,263.0,2026-09-24
FOWAD,52.02312138728323,281.25,0.0,29.827586206896555,573.7672132746012,20.46,2.71,0.0,6.2259,900.0,17.3,3.2,0.58,0.0,57.0,2026-09-24
GBBL,28.024691358024693,174.6153846153846,20.0214,21.89189189189189,331.82028397115937,17.18,1.58,71.0,9.5911,454.0,16.2,2.6,0.74,4.41,36.0,2026-09-24
GBIME,16.36241610738255,187.53846153846155,9.9958,1.7345750873108265,262.76054257858044,9.14,0.83,61.0,10.7578,243.8,14.9,1.3,8.59,4.1,-6.0,2026-09-24
GBLBS,26.513409961685824,288.33333333333337,0.0,,414.7357557848573,9.31,1.73,0.0,4.5986,692.0,26.1,2.4,0.0,0.0,66.0,2026-09-24
GCIL,-6.136085626911314,167.20833333333334,9.992370000000001,,,0.0,-1.4,-163.0,,401.3,-65.4,2.4,0.0,2.49,,2026-09-24
GFCL,14.94818652849741,213.7037037037037,0.0,,268.09674290796295,6.77,0.88,0.0,7.1047,577.0,38.6,2.7,0.0,0.0,117.0,2026-09-24
GHL,-1.3261892315734447,93.96296296296295,0.0,,,0.0,-0.94,-0.0,,253.7,-191.3,2.7,0.0,0.0,,2026-09-24
GILB,61.92934782608696,242.44680851063828,5.013800000000001,30.163934426229506,581.2296331963387,28.9,3.65,8.0,6.5651,1139.5,18.4,4.7,0.61,0.44,96.0,2026-09-24
GLBSL,31.135531135531135,170.0,10.03,25.876777251184837,345.0991257499888,19.8,1.83,32.0,9.3377,1700.0,54.6,10.0,2.11,0.59,393.0,2026-09-24
GLH,2.327212020033389,111.52000000000001,0.0,,76.41623126448845,3.0,0.39,0.0,,278.8,119.8,2.5,0.0,0.0,264.0,2026-09-24
GMFBS,28.6734693877551,158.3098591549296,0.0,20.523560209424087,319.5842459443529,16.19,1.67,0.0,9.42,1124.0,39.2,7.1,1.91,0.0,252.0,2026-09-24
GMFIL,4.561213434452871,155.92592592592592,0.0,29.967532467532465,126.50002819184992,2.84,0.46,0.0,,421.0,92.3,2.7,3.08,0.0,231.0,2026-09-24
GMLI,2.1423934213373728,107.60869565217392,0.0,,72.02189692717099,2.0,1.41,0.0,,990.0,462.1,9.2,0.0,0.0,1277.0,2026-09-24
GRDBL,11.764705882352942,123.07692307692308,7.968,29.999999999999996,180.49705127885608,10.24,1.02,68.0,,960.0,81.6,7.8,2.72,0.83,432.0,2026-09-24
GUFL,25.326530612244895,165.46666666666667,0.0,30.153846153846153,307.06786459899666,16.84,2.03,0.0,6.6835,496.4,19.6,3.0,0.65,0.0,61.0,2026-09-24
GVL,12.944444444444446,125.46153846153847,9.981720000000001,29.999999999999996,191.15614841517154,10.64,4.11,77.0,1.5216,489.3,37.8,3.9,1.26,2.04,157.0,2026-09-24
HATHY,0.5966275852983796,68.62121212121212,5.97828,,30.35093790944277,0.88,0.7,1006.0,,452.9,759.1,6.6,0.0,1.32,1394.0,2026-09-24
HBL,6.560402684563758,177.72727272727272,0.0,,161.96961361688923,3.77,0.46,0.0,,195.5,29.8,1.1,0.0,0.0,21.0,2026-09-24
HDHPC,-3.3996913580246915,71.06451612903226,0.0,,,0.0,-4.03,-0.0,,220.3,-64.8,3.1,0.0,0.0,,2026-09-24
HDL,32.718204488778056,141.0752688172043,25.059199999999997,29.925373134328357,322.2637329937842,26.27,22.94,76.0,0.1068,1312.0,40.1,9.3,1.34,1.91,307.0,2026-09-24
HEI,13.514285714285714,214.99999999999997,7.9937,,255.6860519129996,6.47,2.94,59.0,1.0052,473.0,35.0,2.2,0.0,1.69,85.0,2026-09-24
HFIN,-12.227722772277227,106.46551724137932,0.0,,,0.0,-5.56,-0.0,,617.5,-50.5,5.8,0.0,0.0,,2026-09-24
HHL,7.323340471092076,85.5,0.0,,118.69404463267473,8.87,3.54,0.0,,342.0,46.7,4.0,0.0,0.0,189.0,2026-09-24
HIDCL,2.726304579339723,111.30434782608697,3.5072,,82.62938306994886,2.41,2.36,128.0,,256.0,93.9,2.3,0.0,1.37,208.0,2026-09-24
HIMSTAR,-29.67741935483871,67.78947368421052,0.0,,,0.0,-8.37,-0.0,,644.0,-21.7,9.5,0.0,0.0,,2026-09-24
HLBSL,31.258992805755394,184.89361702127658,7.038900000000001,29.892473118279568,360.611613091854,18.35,1.81,22.0,8.7138,869.0,27.8,4.7,0.93,0.81,141.0,2026-09-24
HLI,3.474157303370786,93.6969696969697,0.0,,85.58127867980161,3.36,0.33,0.0,,309.2,89.0,3.3,0.0,0.0,262.0,2026-09-24
HPPL,12.582781456953642,131.0344827586207,0.0,,192.6071412155463,11.96,3.67,0.0,1.6169,380.0,30.2,2.9,0.0,0.0,98.0,2026-09-24
HRL,-21.518987341772153,115.9090909090909,4.488,,,0.0,-9.3,-21.0,,510.0,-23.7,4.4,0.0,0.88,,2026-09-24
HURJA,7.5811209439528024,98.84615384615384,0.0,,129.84877573903344,8.01,4.17,0.0,,257.0,33.9,2.6,0.0,0.0,99.0,2026-09-24
ICFC,22.284644194756556,191.93548387096774,10.5315,30.0,310.2213955295337,12.34,1.06,47.0,10.6878,595.0,26.7,3.1,0.89,1.77,93.0,2026-09-24
IGI,0.13331071913161466,178.63636363636363,4.991099999999999,,23.147747130918717,0.07,0.03,3751.0,,393.0,2948.0,2.2,0.0,1.27,1594.0,2026-09-24
IHL,-5.2352,90.88888888888889,0.0,,,0.0,-1.29,-0.0,,327.2,-62.5,3.6,0.0,0.0,,2026-09-24
ILBS,36.67953667953668,161.01694915254237,0.0,30.11627906976744,364.53478514474426,24.17,2.93,0.0,6.5569,950.0,25.9,5.9,0.86,0.0,160.0,2026-09-24
ILI,11.693989071038251,133.75,21.0576,6.547406082289804,187.594238612639,8.69,2.47,180.0,,428.0,36.6,3.2,5.59,4.92,127.0,2026-09-24
JBBL,22.85064935064935,167.57142857142856,0.0,30.19607843137255,293.52190548261416,14.53,1.35,0.0,9.3666,351.9,15.4,2.1,0.51,0.0,19.0,2026-09-24
JBLB,61.77777777777778,278.0,13.93892,30.0,621.6268977449415,24.48,3.4,23.0,5.9955,1278.8,20.7,4.6,0.69,1.09,105.0,2026-09-24
JFL,1.3532763532763532,,14.991,,,0.0,0.2,1108.0,,285.0,210.6,,0.0,5.26,,2026-09-24
JHAPA,3.8558692421991085,101.76470588235294,0.0,,93.96172883385594,3.78,1.75,0.0,,1038.0,269.2,10.2,0.0,0.0,1004.0,2026-09-24
JOSHI,-6.534653465346535,64.39024390243902,0.0,,,0.0,-8.87,-0.0,,264.0,-40.4,4.1,0.0,0.0,,2026-09-24
JSLBB,10.707182320441989,176.1818181818182,0.0,22.4009900990099,206.02000897593174,6.36,0.77,0.0,,969.0,90.5,5.5,4.04,0.0,372.0,2026-09-24
KAHL,3.7451737451737452,101.04166666666667,0.0,,92.27360639041609,3.68,1.22,0.0,,485.0,129.5,4.8,0.0,0.0,423.0,2026-09-24
KBL,28.25,173.84615384615384,2.1018000000000003,29.629629629629626,332.41684905922193,18.34,1.6,7.0,9.9464,226.0,8.0,1.3,0.27,0.93,-31.0,2026-09-24
KBSH,7.458410351201478,130.16129032258064,10.0068,,147.79349474527868,5.84,5.16,134.0,,807.0,108.2,6.2,0.0,1.24,446.0,2026-09-24
KDL,9.154069767441861,108.58620689655172,8.5023,,149.54975278662448,8.81,7.41,93.0,,629.8,68.8,5.8,0.0,1.35,320.0,2026-09-24
KHPL,1.1024457775726813,106.97014925373135,0.0,,51.51114210391429,1.04,0.44,0.0,,716.7,650.1,6.7,0.0,0.0,1296.0,2026-09-24
KKHC,-3.0065573770491807,85.96875,0.0,,,0.0,-1.88,-0.0,,275.1,-91.5,3.2,0.0,0.0,,2026-09-24
KMCDB,27.41721854304636,180.0,9.522,29.9009900990099,333.22625211609267,16.27,2.26,35.0,6.2177,828.0,30.2,4.6,1.01,1.15,149.0,2026-09-24
KPCL,11.25301204819277,126.21621621621621,7.005,10.58673469387755,178.76530295212115,9.34,8.58,62.0,,467.0,41.5,3.7,3.92,1.5,162.0,2026-09-24
KSBBL,22.288557213930346,172.3076923076923,15.008000000000001,19.705882352941178,293.9575170224549,14.0,1.18,67.0,9.8761,448.0,20.1,2.6,1.02,3.35,53.0,2026-09-24
LBBL,23.514563106796114,210.6086956521739,0.0,18.727272727272727,333.80886440737885,11.8,1.27,0.0,7.7721,484.4,20.6,2.3,1.1,0.0,44.0,2026-09-24
LEC,1.1219726992514312,70.77777777777779,0.0,,42.269865431036145,1.62,0.42,0.0,,254.8,227.1,3.6,0.0,0.0,504.0,2026-09-24
LICN,7.374769797421731,177.97777777777776,21.06367,29.999999999999996,171.84954365309008,4.1,0.27,285.0,,800.9,108.6,4.5,3.62,2.63,366.0,2026-09-24
LLBS,24.225352112676056,204.76190476190476,0.0,30.084745762711865,334.08031661216756,13.07,1.6,0.0,7.1695,860.0,35.5,4.2,1.18,0.0,158.0,2026-09-24
LSL,11.627906976744185,178.57142857142858,10.0,,216.1464066390881,6.8,0.66,86.0,,250.0,21.5,1.4,0.0,4.0,16.0,2026-09-24
MABEL,-1.1624171853041558,101.57894736842105,0.0,,,0.0,-0.36,-0.0,,579.0,-498.1,5.7,0.0,0.0,,2026-09-24
MAKAR,10.298245614035087,114.13888888888889,0.0,,162.6258959008185,9.23,2.86,0.0,,410.9,39.9,3.6,0.0,0.0,152.0,2026-09-24
MANDU,23.350157728706627,164.4888888888889,11.991240000000003,,293.97097433920794,15.42,6.13,51.0,1.3582,740.2,31.7,4.5,0.0,1.62,153.0,2026-09-24
MATRI,45.161490683229815,145.42000000000002,0.0,,384.4036152808579,29.46,2.28,0.0,12.3508,727.1,16.1,5.0,0.0,0.0,89.0,2026-09-24
MBJC,2.826170009551098,95.4516129032258,0.0,,77.9079965689241,2.99,0.76,0.0,,295.9,104.7,3.1,0.0,0.0,278.0,2026-09-24
MBL,15.479041916167665,172.33333333333334,5.997199999999999,22.266666666666666,244.98976515344498,9.51,0.79,39.0,9.8937,258.5,16.7,1.5,0.75,2.32,6.0,2026-09-24
MCHL,-1.030557677616501,,0.0,,,0.0,-0.4,-0.0,,269.8,-261.8,,0.0,0.0,1007.0,2026-09-24
MDB,11.594202898550725,143.5897435897436,10.024,,193.54119452957065,8.25,1.44,86.0,,560.0,48.3,3.9,0.0,1.79,190.0,2026-09-24
MEHL,1.734915254237288,63.975,0.0,,49.97301347998924,2.7,1.07,0.0,,255.9,147.5,4.0,0.0,0.0,409.0,2026-09-24
MEL,-2.7684346701164295,57.83783783783784,0.0,,,0.0,-1.48,-0.0,,214.0,-77.3,3.7,0.0,0.0,,2026-09-24
MEN,25.5078125,151.86046511627907,21.0266,30.117647058823533,295.2230276974492,18.17,10.73,82.0,0.6131,653.0,25.6,4.3,0.85,3.22,122.0,2026-09-24
MEPDL,10.092592592592593,110.84745762711864,0.0,,158.65563390403608,9.06,3.81,0.0,,654.0,64.8,5.9,0.0,0.0,311.0,2026-09-24
MERO,8.465829846582984,148.0487804878049,4.977399999999999,,167.93006030364873,5.63,0.73,59.0,,607.0,71.7,4.1,0.0,0.82,259.0,2026-09-24
MFIL,27.81090909090909,196.1025641025641,14.990079999999999,18.96551724137931,350.30028277449065,15.47,1.38,54.0,9.8463,764.8,27.5,3.9,1.45,1.96,120.0,2026-09-24
MHCL,7.184466019417475,87.05882352941177,0.0,,118.6301019349399,8.38,4.98,0.0,,296.0,41.2,3.4,0.0,0.0,149.0,2026-09-24
MHL,8.754789272030651,117.17948717948718,4.9813,30.000000000000004,151.92872881181202,7.81,5.57,57.0,,457.0,52.2,3.9,1.74,1.09,202.0,2026-09-24
MHNL,12.791878172588833,70.0,0.0,,141.94086135368988,33.21,4.51,0.0,3.5105,252.0,19.7,3.6,0.0,0.0,77.0,2026-09-24
MKCL,0.37820624672831965,103.21428571428571,7.9764,,29.636404491718448,0.36,0.22,2115.0,,867.0,2292.4,8.4,0.0,0.92,2822.0,2026-09-24
MKHC,1.5853365384615385,61.34883720930233,0.0,,46.77945539925412,2.55,0.5,0.0,,263.8,166.4,4.3,0.0,0.0,462.0,2026-09-24
MKHL,13.835616438356164,114.77272727272727,0.0,,189.0209174216284,13.28,7.03,0.0,1.2083,505.0,36.5,4.4,0.0,0.0,168.0,2026-09-24
MKJC,0.46043064876957496,102.90625,0.0,,32.650831652865165,0.44,0.22,0.0,,329.3,715.2,3.2,0.0,0.0,913.0,2026-09-24
MLBBL,20.059426229508198,168.77586206896552,14.29194,3.932312651087832,275.9978378105822,10.96,1.44,71.0,7.8778,978.9,48.8,5.8,12.41,1.46,255.0,2026-09-24
MLBL,13.968627450980392,161.90909090909088,10.00922,15.74074074074074,225.5816368109562,8.72,0.98,72.0,7.7177,356.2,25.5,2.2,1.62,2.81,56.0,2026-09-24
MLBS,24.67312348668281,102.92929292929293,0.0,18.603603603603602,239.04123281126905,19.22,1.62,0.0,14.9324,1019.0,41.3,9.9,2.22,0.0,326.0,2026-09-24
MLBSL,37.92592592592593,148.21052631578948,0.0,,355.6304014790361,16.64,1.45,0.0,16.0,1126.4,29.7,7.6,0.0,0.0,216.0,2026-09-24
MMKJL,11.141975308641976,100.27777777777777,0.0,,158.5530882389979,11.55,1.26,0.0,,361.0,32.4,3.6,0.0,0.0,127.0,2026-09-24
MNBBL,18.93258426966292,160.47619047619048,18.198,8.98989898989899,261.4577451290389,12.36,1.12,96.0,9.8959,337.0,17.8,2.1,1.98,5.4,28.0,2026-09-24
MPFL,8.909090909090908,122.5,0.0,29.999999999999996,156.70252652137367,7.36,1.28,0.0,,588.0,66.0,4.8,2.2,0.0,276.0,2026-09-24
MSHL,14.55026455026455,117.02127659574468,15.015,,195.73077678471964,12.95,5.67,103.0,1.1954,550.0,37.8,4.7,0.0,2.73,180.0,2026-09-24
MSLB,49.794238683127574,228.30188679245285,4.960999999999999,30.0,505.74961143031516,23.68,3.82,10.0,6.544,1210.0,24.3,5.3,0.81,0.41,139.0,2026-09-24
NABBC,-10.242506811989099,29.48235294117647,0.0,,,0.0,-8.66,-0.0,,751.8,-73.4,25.5,0.0,0.0,,2026-09-24
NABIL,27.75609756097561,247.3913043478261,15.0216,3.1060606060606064,393.0634637464332,11.36,1.08,54.0,9.2179,569.0,20.5,2.3,6.6,2.64,45.0,2026-09-24
NADEP,29.574468085106382,193.05555555555554,0.0,4.968287526427061,358.4188830749307,17.72,2.08,0.0,6.8495,695.0,23.5,3.6,4.73,0.0,94.0,2026-09-24
NBL,30.736842105263158,292.0,0.0,29.6875,449.37851821329747,11.4,1.04,0.0,10.4598,292.0,9.5,1.0,0.32,0.0,-34.0,2026-09-24
NESDO,46.98615916955018,282.89583333333337,0.0,30.104166666666668,546.8768094384302,17.06,3.3,0.0,3.9644,1357.9,28.9,4.8,0.96,0.0,147.0,2026-09-24
NFS,-8.967391304347826,123.75,0.0,,,0.0,-1.28,-0.0,,495.0,-55.2,4.0,0.0,0.0,,2026-09-24
NGPL,1.2641154328732747,138.9655172413793,4.997199999999999,29.990592662276576,62.86923124308111,0.85,0.71,395.0,,403.0,318.8,2.9,10.63,1.24,543.0,2026-09-24
NHDL,14.008849557522124,124.15686274509805,8.99144,21.4218009478673,197.82349017223672,11.69,9.52,64.0,0.1661,633.2,45.2,5.1,2.11,1.42,219.0,2026-09-24
NHPC,-0.9292964648232412,94.82142857142858,0.0,,,0.0,-0.67,-0.0,,265.5,-285.7,2.8,0.0,0.0,,2026-09-24
NICA,1.2179437812860994,175.72222222222223,0.0,,69.39340909092098,0.65,0.05,0.0,,316.3,259.7,1.8,0.0,0.0,360.0,2026-09-24
NICL,5.005488474204172,175.3846153846154,6.2928,,140.5433299532907,2.89,1.65,126.0,,456.0,91.1,2.6,0.0,1.38,223.0,2026-09-24
NICLBSL,7.013568521031207,107.6875,0.0,,130.35972289185924,5.84,0.53,0.0,,516.9,73.7,4.8,0.0,0.0,296.0,2026-09-24
NIFRA,4.575045207956601,114.99999999999999,5.2623999999999995,,108.80224940499946,3.9,2.38,115.0,,253.0,55.3,2.2,0.0,2.08,130.0,2026-09-24
NIL,10.408644400785853,230.34782608695653,15.788039999999999,,232.26319925947558,4.65,2.42,152.0,,529.8,50.9,2.3,0.0,2.98,130.0,2026-09-24
NIMB,8.041322314049587,194.6,0.0,,187.6404267530484,4.08,0.46,0.0,,194.6,24.2,1.0,0.0,0.0,3.0,2026-09-24
NLG,2.166737198476513,165.16129032258064,7.3728,,89.73224063028893,1.29,0.61,340.0,,512.0,236.3,3.1,0.0,1.44,468.0,2026-09-24
NLIC,4.911008569545155,126.27118644067797,21.0835,,118.12144077464546,3.84,0.17,429.0,,745.0,151.7,5.9,0.0,2.83,531.0,2026-09-24
NLICL,6.51063829787234,126.3913043478261,12.500099999999998,,136.06976702637658,5.11,0.34,192.0,,581.4,89.3,4.6,0.0,2.15,325.0,2026-09-24
NLO,63.09302325581396,542.6,20.99862,11.31578947368421,877.6509411027854,11.93,5.0,33.0,1.2358,271.3,4.3,0.5,0.38,7.74,-70.0,2026-09-24
NMB,19.47727272727273,183.64285714285717,10.001190000000001,26.93877551020408,283.68890583208895,11.27,1.02,51.0,9.441,257.1,13.2,1.4,0.49,3.89,-9.0,2026-09-24
NMBMF,20.426666666666666,149.46341463414635,0.0,,262.09422993620757,14.3,1.74,0.0,8.2484,612.8,30.0,4.1,0.0,0.0,133.0,2026-09-24
NMFBS,58.53658536585366,279.06976744186045,15.0,30.14705882352941,606.2633944582267,23.96,2.84,26.0,7.1766,1200.0,20.5,4.3,0.68,1.25,98.0,2026-09-24
NMIC,5.683264177040111,106.72727272727272,0.0,,116.82287417536101,5.52,3.74,0.0,,821.8,144.6,7.7,0.0,0.0,605.0,2026-09-24
NMLBBL,16.85430463576159,188.5185185185185,0.0,,267.3767794019432,8.46,1.11,0.0,7.0362,509.0,30.2,2.7,0.0,0.0,91.0,2026-09-24
NRIC,-39.853658536585364,108.93333333333334,4.9837,,,0.0,-14.21,-13.0,,817.0,-20.5,7.5,0.0,0.61,,2026-09-24
NRM,-3.175303197353914,84.70588235294117,0.0,,,0.0,-2.56,-0.0,,288.0,-90.7,3.4,0.0,0.0,,2026-09-24
NRN,-4.320610687022901,168.45238095238093,42.0255,,,0.0,-2.15,-972.0,,1415.0,-327.5,8.4,0.0,2.97,,2026-09-24
NTC,49.23913043478261,566.25,29.988599999999998,15.726495726495726,792.0462714991165,9.3,6.76,61.0,0.3764,906.0,18.4,1.6,1.17,3.31,15.0,2026-09-24
NUBL,68.63636363636363,223.7037037037037,12.0196,30.3448275862069,587.7667028419498,32.1,6.5,17.0,4.0363,604.0,8.8,2.7,0.29,1.99,3.0,2026-09-24
NWCL,-6.536373507057546,103.79310344827587,0.0,,,0.0,-2.6,-0.0,,602.0,-92.1,5.8,0.0,0.0,,2026-09-24
NYADI,2.6968534151957018,68.90196078431373,0.0,,64.66000298278897,3.81,0.86,0.0,,351.4,130.3,5.1,0.0,0.0,444.0,2026-09-24
OHL,-4.005021971123666,319.0,4.9764,,,0.0,-0.79,-125.0,,638.0,-159.3,2.0,0.0,0.78,,2026-09-24
OMPL,-6.290672451193058,97.75280898876404,0.0,,,0.0,-2.53,-0.0,,870.0,-138.3,8.9,0.0,0.0,,2026-09-24
PCBL,19.618320610687025,171.33333333333334,7.9927,4.381270903010033,275.0065925649756,11.69,1.27,41.0,8.1228,257.0,13.1,1.5,2.99,3.11,-8.0,2026-09-24
PCIL,1.0665543386689131,129.18367346938774,0.0,,55.67837701513203,0.83,0.39,0.0,,633.0,593.5,4.9,0.0,0.0,1037.0,2026-09-24
PHCL,2.2318435754189947,103.0967741935484,0.0,,71.95246448476668,2.29,0.62,0.0,,319.6,143.2,3.1,0.0,0.0,346.0,2026-09-24
PMHPL,6.070726915520629,83.51351351351352,0.0,29.941176470588236,106.8046067436424,7.39,2.61,0.0,,309.0,50.9,3.7,1.7,0.0,189.0,2026-09-24
PMLI,7.073578595317726,117.5,8.4177,1.278324070115434,136.75077115457609,6.22,1.63,119.0,,423.0,59.8,3.6,46.78,1.99,210.0,2026-09-24
PPCL,8.839050131926122,98.52941176470588,0.0,,139.98354984172997,9.19,2.91,0.0,,335.0,37.9,3.4,0.0,0.0,139.0,2026-09-24
PPL,-2.2928722653493296,101.53124999999999,0.0,,,0.0,-2.23,-0.0,,324.9,-141.7,3.2,0.0,0.0,,2026-09-24
PRIN,13.333333333333334,190.96774193548387,8.9984,,239.35396921848854,7.07,3.3,68.0,1.0841,592.0,44.4,3.1,0.0,1.52,146.0,2026-09-24
PROFL,5.915279878971257,83.19148936170212,0.0,,105.22486027677051,7.67,0.59,0.0,,391.0,66.1,4.7,0.0,0.0,270.0,2026-09-24
PRVU,-1.024617067833698,144.0769230769231,0.0,,,0.0,-0.06,-0.0,,187.3,-182.8,1.3,0.0,0.0,,2026-09-24
PURE,3.1629887727448702,103.41772151898734,0.0,,85.79017759345636,3.05,1.09,0.0,,817.0,258.3,7.9,0.0,0.0,851.0,2026-09-24
RADHI,19.77260273972603,171.83333333333334,0.0,29.918032786885245,276.4883819303548,12.24,10.28,0.0,0.1519,721.7,36.5,4.2,1.22,0.0,162.0,2026-09-24
RAWA,11.152815013404826,86.66666666666667,0.0,,147.4719948876376,13.63,4.75,0.0,,416.0,37.3,4.8,0.0,0.0,182.0,2026-09-24
RBCL,129.15129151291512,6363.636363636363,0.0,,4300.2461254385435,2.0,1.38,0.0,0.4525,14000.0,108.4,2.2,0.0,0.0,224.0,2026-09-24
RFPL,2.7096774193548385,120.00000000000001,0.0,,85.53437339606846,2.42,1.36,0.0,,336.0,124.0,2.8,0.0,0.0,293.0,2026-09-24
RHGCL,-2.155865463494668,93.85714285714286,0.0,,,0.0,-1.41,-0.0,,262.8,-121.9,2.8,0.0,0.0,,2026-09-24
RHPL,-21.23456790123457,66.15384615384615,0.0,,,0.0,-6.15,-0.0,,172.0,-8.1,2.6,0.0,0.0,,2026-09-24
RIDI,2.0368171021377672,100.88235294117648,0.0,,67.99467104064809,2.01,1.25,0.0,,343.0,168.4,3.4,0.0,0.0,402.0,2026-09-24
RLEL,12.229268292682928,129.67241379310346,0.0,,188.89275162060179,9.47,5.44,0.0,,752.1,61.5,5.8,0.0,0.0,299.0,2026-09-24
RLFL,4.51063829787234,117.77777777777777,0.0,30.031948881789138,109.3306521034321,4.09,0.46,0.0,,424.0,94.0,3.6,3.13,0.0,289.0,2026-09-24
RNLI,11.20460358056266,146.03333333333333,12.003940000000002,,191.87372465982352,7.56,2.44,107.0,,438.1,39.1,3.0,0.0,2.74,126.0,2026-09-24
RSDC,13.361702127659575,130.83333333333334,7.9756,,198.32677741116524,10.54,2.55,60.0,3.1824,628.0,47.0,4.8,0.0,1.27,216.0,2026-09-24
RSML,21.006864988558352,500.72727272727275,30.0186,,486.4884169444266,4.17,2.85,143.0,0.4633,2754.0,131.1,5.5,0.0,1.09,465.0,2026-09-24
RURU,10.395869191049913,128.51063829787233,10.509599999999999,,173.3768876510584,8.07,6.45,101.0,,604.0,58.1,4.7,0.0,1.74,248.0,2026-09-24
SABBL,1.456765345375481,103.69047619047619,0.0,,58.29824678405655,1.41,0.35,0.0,,871.0,597.9,8.4,0.0,0.0,1395.0,2026-09-24
SADBL,23.794117647058822,168.54166666666669,10.517000000000001,29.824561403508774,300.3860108505486,15.26,1.39,44.0,9.4348,404.5,17.0,2.4,0.57,2.6,34.0,2026-09-24
SAGAR,-7.8900883218842,120.0,0.0,,,0.0,-3.72,-0.0,,1608.0,-203.8,13.4,0.0,0.0,,2026-09-24
SAHAS,29.66666666666667,182.6842105263158,22.006140000000002,29.999999999999996,349.2015328235485,17.64,7.42,74.0,1.2352,694.2,23.4,3.8,0.78,3.17,100.0,2026-09-24
SAIL,1.0933201276548916,107.98913043478262,0.0,,51.54125068454091,1.01,0.58,0.0,,993.5,908.7,9.2,0.0,0.0,1825.0,2026-09-24
SALICO,11.95067264573991,231.73913043478262,14.9773,,249.62444984070865,5.14,2.06,126.0,,533.0,44.6,2.3,0.0,2.81,113.0,2026-09-24
SANIMA,24.864864864864863,184.0,10.0096,19.22077922077922,320.8434829329412,14.13,1.24,40.0,9.5549,368.0,14.8,2.0,0.77,2.72,13.0,2026-09-24
SANVI,-7.720994475138121,105.47169811320755,0.0,,,0.0,-2.48,-0.0,,559.0,-72.4,5.3,0.0,0.0,,2026-09-24
SAPDBL,18.059701492537314,86.42857142857143,5.9895,29.91071428571428,187.40242663742345,24.21,1.66,33.0,12.978,605.0,33.5,7.0,1.12,0.99,223.0,2026-09-24
SAPIL,5.044502617801048,112.40833333333335,9.981860000000001,,112.95349912534667,4.5,3.58,198.0,,1348.9,267.4,12.0,0.0,0.74,1096.0,2026-09-24
SARBTM,21.171794871794873,201.39024390243904,19.98194,30.0,309.73430709944205,10.87,6.99,94.0,0.5902,825.7,39.0,4.1,1.3,2.42,167.0,2026-09-24
SBI,18.044642857142858,192.47619047619045,9.01366,0.7567567567567567,279.5464050958996,9.62,0.83,50.0,10.2517,404.2,22.4,2.1,29.6,2.23,44.0,2026-09-24
SBL,21.856459330143544,228.4,20.00784,3.500837520938023,335.1422750081041,10.19,0.91,92.0,9.5561,456.8,20.9,2.0,5.97,4.38,37.0,2026-09-24
SCB,28.327586206896555,226.62068965517244,18.993080000000003,,380.0544503826367,12.96,1.69,67.0,6.9417,657.2,23.2,2.9,0.0,2.89,73.0,2026-09-24
SGHC,11.119402985074627,82.77777777777777,0.0,,143.90930497956512,13.9,3.49,0.0,,298.0,26.8,3.6,0.0,0.0,106.0,2026-09-24
SGHL,9.337811900191939,110.56818181818181,0.0,,152.41541880400123,8.34,3.13,0.0,,486.5,52.1,4.4,0.0,0.0,218.0,2026-09-24
SGIC,5.756352765321375,148.1153846153846,5.0063,,138.50487026054964,4.05,1.62,87.0,,385.1,66.9,2.6,0.0,1.3,179.0,2026-09-24
SHEL,6.778026905829597,107.96428571428572,4.9879500000000005,,128.3166347454698,6.27,3.21,74.0,,302.3,44.6,2.8,0.0,1.65,134.0,2026-09-24
SHINE,23.532608695652176,160.37037037037035,16.021,30.163934426229506,291.3992044889821,15.55,1.75,68.0,9.9503,433.0,18.4,2.7,0.61,3.7,49.0,2026-09-24
SHIVM,14.011976047904191,189.7297297297297,12.4956,30.000000000000004,244.57307628260503,7.57,6.05,89.0,0.2382,702.0,50.1,3.7,1.67,1.78,188.0,2026-09-24
SHL,6.475,28.461538461538463,1.6576000000000002,12.539184952978056,64.39324797380067,25.21,24.45,25.0,,518.0,80.0,18.2,6.38,0.32,703.0,2026-09-24
SHLB,30.7981220657277,291.55555555555554,0.0,,449.48379364686076,11.95,1.12,0.0,9.0201,1312.0,42.6,4.5,0.0,0.0,193.0,2026-09-24
SHPC,7.848751835535977,137.05128205128204,9.99515,,155.5725997248795,5.01,4.43,127.0,,534.5,68.1,3.9,0.0,1.87,243.0,2026-09-24
SICL,4.194528875379939,190.3448275862069,6.0168,,134.03042453400317,2.24,0.86,143.0,,552.0,131.6,2.9,0.0,1.09,310.0,2026-09-24
SIFC,4.622714148219441,141.26470588235296,6.38799,,121.21506909969672,3.31,0.45,138.0,,480.3,103.9,3.4,0.0,1.33,298.0,2026-09-24
SIKLES,14.068627450980394,114.8,14.981399999999999,29.999999999999996,190.6286041125055,13.16,6.91,107.0,0.8199,574.0,40.8,5.0,1.36,2.61,202.0,2026-09-24
SINDU,0.179664660361135,97.18604651162791,0.0,,19.820953707199475,0.2,0.02,0.0,,417.9,2326.0,4.3,0.0,0.0,2012.0,2026-09-24
SIPD,-7.73270013568521,93.42622950819673,0.0,,,0.0,-4.76,-0.0,,569.9,-73.7,6.1,0.0,0.0,,2026-09-24
SJCL,2.2454710144927534,82.63333333333334,0.0,,64.61340405593604,2.69,0.63,0.0,,247.9,110.4,3.0,0.0,0.0,281.0,2026-09-24
SJLIC,7.586837294332724,122.05882352941177,12.989500000000001,,144.34649207807112,5.99,0.69,171.0,,415.0,54.7,3.4,0.0,3.13,187.0,2026-09-24
SKBBL,13.26252158894646,219.4,14.97405,,255.8719168330792,6.09,1.6,113.0,2.8434,767.9,57.9,3.5,0.0,1.95,199.0,2026-09-24
SKHEL,-4.812072892938497,90.86021505376344,0.0,,,0.0,-1.35,-0.0,,845.0,-175.6,9.3,0.0,0.0,,2026-09-24
SKHL,19.076923076923077,145.8823529411765,0.0,,250.23427936662824,13.14,4.63,0.0,1.8408,744.0,39.0,5.1,0.0,0.0,198.0,2026-09-24
SLBBL,34.83050847457627,171.25,14.9604,29.873417721518987,366.34178435731525,22.15,3.54,43.0,6.7359,822.0,23.6,4.8,0.79,1.82,124.0,2026-09-24
SLBSL,26.656976744186046,129.1549295774648,0.0,,278.3249880413686,21.97,1.97,0.0,9.1022,917.0,34.4,7.1,0.0,0.0,229.0,2026-09-24
SMATA,18.04123711340206,145.83333333333334,5.390000000000001,30.077519379844958,243.30599926502123,12.87,1.72,30.0,6.6929,700.0,38.8,4.8,1.29,0.77,188.0,2026-09-24
SMB,56.82926829268293,204.83516483516485,10.0656,30.09174311926605,511.77556810515495,30.92,3.36,18.0,7.5588,1864.0,32.8,9.1,1.09,0.54,264.0,2026-09-24
SMFBS,33.7772397094431,196.47887323943664,10.044,29.92753623188406,386.4214861820174,16.64,1.58,30.0,9.7263,1395.0,41.3,7.1,1.38,0.72,260.0,2026-09-24
SMH,5.886363636363637,110.2127659574468,21.0826,,120.81775283619062,5.68,2.78,358.0,,518.0,88.0,4.7,0.0,4.07,331.0,2026-09-24
SMHL,18.431372549019606,120.51282051282051,14.992999999999999,30.0,223.5562022526122,16.44,4.38,82.0,2.4747,470.0,25.5,3.9,0.85,3.19,111.0,2026-09-24
SMJC,3.7832874196510557,108.42105263157896,4.7379999999999995,,96.06888205888262,3.49,1.77,126.0,,412.0,108.9,3.8,0.0,1.15,327.0,2026-09-24
SMPDA,32.467532467532465,174.4186046511628,0.0,30.0,356.9540425078558,19.17,2.09,0.0,7.8853,750.0,23.1,4.3,0.77,0.0,110.0,2026-09-24
SNLI,7.928436911487759,145.17241379310346,19.9975,,160.92632566195581,5.48,2.14,252.0,,421.0,53.1,2.9,0.0,4.75,164.0,2026-09-24
SNORL,11.923076923076922,112.375,9.978900000000001,,173.62820855981985,10.64,3.71,84.0,,899.0,75.4,8.0,0.0,1.11,418.0,2026-09-24
SOHL,11.139896373056995,137.23404255319147,0.0,,185.46534121018556,8.07,4.29,0.0,,645.0,57.9,4.7,0.0,0.0,247.0,2026-09-24
SONA,10.954659949622165,197.68181818181816,0.0,,220.73645976392123,5.61,2.3,0.0,,434.9,39.7,2.2,0.0,0.0,95.0,2026-09-24
SOPL,,,0.0,,,0.0,0.0,0.0,,735.0,0.0,,0.0,0.0,,2026-09-24
SPC,3.971,110.30555555555556,0.0,,99.275,3.65,0.93,0.0,,397.1,100.0,3.6,0.0,0.0,301.0,2026-09-24
SPDL,6.052276559865093,108.75757575757575,0.0,29.949494949494948,121.69714805807848,5.62,4.51,0.0,,358.9,59.3,3.3,1.98,0.0,194.0,2026-09-24
SPHL,1.001564945226917,91.42857142857143,0.0,30.0,45.39121250901136,1.06,0.57,0.0,,512.0,511.2,5.6,17.04,0.0,1025.0,2026-09-24
SPIL,11.644859813084112,259.58333333333337,24.9823,,260.793518603884,4.58,1.53,215.0,,623.0,53.5,2.4,0.0,4.01,139.0,2026-09-24
SPL,5.288888888888889,100.84745762711864,0.0,30.0,109.54837952990047,5.24,4.34,0.0,,595.0,112.5,5.9,3.75,0.0,442.0,2026-09-24
SRLI,7.659836065573772,113.27272727272728,10.16736,,139.72164018581591,6.91,1.29,133.0,,373.8,48.8,3.3,0.0,2.72,168.0,2026-09-24
SSHL,-4.037037037037037,53.1025641025641,0.0,,,0.0,-2.39,-0.0,,207.1,-51.3,3.9,0.0,0.0,,2026-09-24
STC,35.45570427023582,463.5833333333333,10.013399999999999,30.0,608.1325146328952,3.0,1.37,28.0,3.5721,5563.0,156.9,12.0,5.23,0.18,815.0,2026-09-24
SWASTIK,21.105813953488372,146.3790322580645,0.0,,263.6524113002451,14.4,1.56,0.0,9.1059,1815.1,86.0,12.4,0.0,0.0,588.0,2026-09-24
SWBBL,35.34170854271357,242.51724137931035,3.02419,7.316176470588235,439.1433790708181,15.69,2.38,8.0,5.6358,703.3,19.9,2.9,2.72,0.43,60.0,2026-09-24
SWMF,19.712460063897762,154.25,0.0,30.096153846153847,261.5617646164385,13.01,1.69,0.0,6.691,617.0,31.3,4.0,1.04,0.0,135.0,2026-09-24
SYPNL,5.161517403206883,111.84745762711863,0.0,,113.97064744289816,4.62,3.89,0.0,,1319.8,255.7,11.8,0.0,0.0,1058.0,2026-09-24
TAMOR,18.729824561403507,130.1951219512195,5.284619999999999,30.0,234.23698542326682,15.66,4.4,28.0,2.3399,533.8,28.5,4.1,0.95,0.99,129.0,2026-09-24
TPC,11.162079510703363,104.28571428571429,0.0,,161.8364059180499,11.04,7.46,0.0,,365.0,32.7,3.5,0.0,0.0,126.0,2026-09-24
TPKHL,2.963841138114997,102.0408163265306,0.0,,82.49083165356424,2.89,1.7,0.0,,500.0,168.7,4.9,0.0,0.0,505.0,2026-09-24
TRH,-36.01327433628318,117.95652173913042,4.96479,,,0.0,-17.01,-14.0,,813.9,-22.6,6.9,0.0,0.61,,2026-09-24
TSHL,-6.4039145907473305,60.99999999999999,0.0,,,0.0,-2.29,-0.0,,359.9,-56.2,5.9,0.0,0.0,,2026-09-24
TTL,0.9051791786555061,104.86363636363637,0.0,,46.213726913932035,0.86,0.54,0.0,,692.1,764.6,6.6,0.0,0.0,1395.0,2026-09-24
TVCL,-7.367149758454106,76.25,0.0,,,0.0,-1.72,-0.0,,305.0,-41.4,4.0,0.0,0.0,,2026-09-24
UAIL,2.7325495958853785,185.95,10.004109999999999,,106.9235518512406,1.53,0.8,366.0,,371.9,136.1,2.0,0.0,2.69,246.0,2026-09-24
UHEWA,18.93548387096774,119.79591836734693,15.0272,30.097087378640776,225.91781204939326,16.47,6.87,79.0,1.3307,587.0,31.0,4.9,1.03,2.56,160.0,2026-09-24
ULBSL,52.946058091286304,303.8095238095238,0.0,29.937888198757765,601.6013012509732,19.44,1.83,0.0,7.8883,2552.0,48.2,8.4,1.61,0.0,323.0,2026-09-24
ULHC,-5.6879194630872485,89.21052631578948,0.0,,,0.0,-2.39,-0.0,,339.0,-59.6,3.8,0.0,0.0,,2026-09-24
UMHL,5.739219712525667,105.47169811320755,6.987500000000001,29.96923076923077,116.70397637102916,5.52,3.48,122.0,,559.0,97.4,5.3,3.25,1.25,378.0,2026-09-24
UMRH,11.536748329621382,112.60869565217392,5.0246,29.933333333333334,170.9696145020698,10.39,4.04,43.0,,518.0,44.9,4.6,1.5,0.97,204.0,2026-09-24
UNHPL,4.356796116504854,105.58823529411765,0.0,29.963636363636365,101.73787054610138,4.18,5.32,0.0,,359.0,82.4,3.4,2.75,0.0,254.0,2026-09-24
UNLB,34.40821917808219,246.25490196078434,0.0,3.224381625441696,436.6312338893494,13.94,1.35,0.0,9.5288,1255.9,36.5,5.1,11.32,0.0,187.0,2026-09-24
UPCL,1.1252511721366376,108.38709677419355,9.0048,,52.38473940965146,1.03,0.67,800.0,,336.0,298.6,3.1,0.0,2.68,538.0,2026-09-24
UPPER,4.6690821256038655,44.95348837209303,0.0,,68.72088040354123,9.61,1.2,0.0,,193.3,41.4,4.3,0.0,0.0,183.0,2026-09-24
USHEC,15.446153846153846,119.52380952380952,0.0,30.09259259259259,203.81148367822868,13.2,4.32,0.0,1.9937,502.0,32.5,4.2,1.08,0.0,147.0,2026-09-24
USHL,0.8665657075551069,100.98039215686275,0.0,,44.3721563823372,0.91,0.31,0.0,,515.0,594.3,5.1,0.0,0.0,1066.0,2026-09-24
USLB,28.039215686274513,178.75,0.0,29.999999999999996,335.81277609441145,17.06,1.63,0.0,8.9891,1144.0,40.8,6.4,1.36,0.0,241.0,2026-09-24
VLBS,24.769841269841272,173.38888888888889,0.0,30.0,310.85904081105355,15.3,1.7,0.0,7.5549,624.2,25.2,3.6,0.84,0.0,101.0,2026-09-24
VLUCL,4.731796116504854,139.25,0.0,,121.75922432211972,3.62,1.35,0.0,,389.9,82.4,2.8,0.0,0.0,222.0,2026-09-24
YMHL,,,0.0,,,0.0,0.0,0.0,,557.0,0.0,,0.0,0.0,,2026-09-24
