symbol,pe_ratio,pb_ratio,roe,roa,peg_ratio,dividend_yield,payout_ratio,graham_discount,debt_to_equity,borrowings_to_equity,total_liabilities,borrowings,current_liabilities,total_equity,total_assets,eps
ACLBSL,31.6,4.8,16.47,1.64,1.05,0.0,0.0,161.0,7.9596,4.2642,5286596.482,2832206.252,,664176.49,5950772.972,
ADBL,19.4,1.3,6.96,0.59,0.0,4.15,81.0,7.0,9.7986,0.0656,381227797.313,2553414.202,,38906327.764,420134125.077,
AHL,-23.1,5.9,0.0,-4.54,0.0,0.0,-0.0,,,,,,,,,
AHPC,78.2,2.4,3.13,2.89,2.61,1.87,147.0,191.0,,,,,,,,
AKJCL,112.6,3.8,3.45,2.46,0.0,0.0,0.0,337.0,,,,,,,,
AKPL,123.7,2.5,2.01,1.14,0.0,0.0,0.0,270.0,,,,,,,,
ALBSL,36.0,6.7,20.01,2.24,1.2,0.81,29.0,228.0,7.7833,4.8948,10912766.899,6862871.051,,1402069.479,12314836.378,
ALICL,54.9,3.6,6.62,0.7,4.47,2.31,127.0,196.0,,,,,,,,
ANLB,71.5,13.8,18.81,3.16,0.0,0.3,22.0,561.0,5.7284,0.4625,1858064.83,150000.0,,324358.13,2182422.96,
APHL,-162.8,6.6,0.0,-1.23,0.0,0.0,-0.0,,,,,,,,,
API,22.2,2.8,13.4,6.43,0.74,1.49,33.0,66.0,1.0478,0.9417,7988560.005,7179870.413,1754745.402,7624227.432,15612787.437,
AVYAN,18.6,6.7,39.66,3.87,0.0,0.0,0.0,135.0,8.3496,7.2257,3313759.685,2867692.656,,396875.331,3710635.016,
BANDIPUR,-1326.8,7.0,0.0,-0.35,0.0,0.0,-0.0,,,,,,,,,
BARUN,156.6,3.0,1.97,1.78,5.22,1.53,240.0,358.0,,,,,,,,
BBC,0.0,,0.0,0.0,0.0,0.0,0.0,,,,,,,,,
BEDC,-182.1,6.7,0.0,-1.09,0.0,0.0,-0.0,,,,,,,,,
BFC,57.0,4.0,6.79,0.95,1.9,0.0,0.0,217.0,,,,,,,,
BGWT,54.6,4.3,8.15,6.44,0.0,4.07,222.0,225.0,,,,,,,,
BHCL,53.2,5.1,9.61,8.25,0.0,1.74,93.0,247.0,,,,,,,,
BHDC,36.8,3.7,10.37,4.7,1.23,1.15,42.0,145.0,,,,,,,,
BHL,27.5,2.6,9.78,3.25,0.0,0.0,0.0,79.0,,,,,,,,
BHPL,-1507.3,8.9,0.0,-0.2,0.0,0.0,-0.0,,,,,,,,,
BJHL,-247.4,7.2,0.0,-1.43,0.0,0.0,-0.0,,,,,,,,,
BNHC,186.4,2.8,2.06,0.85,0.0,0.0,0.0,379.0,,,,,,,,
BNT,22.0,3.5,17.36,7.47,0.73,0.0,0.0,84.0,0.9429,0.3375,3959093.0,1417067.0,3236681.0,4198905.0,8157998.0,
BPCL,68.7,3.2,4.69,4.17,2.29,0.89,61.0,213.0,,,,,,,,
BUNGAL,-133.9,6.3,0.0,-1.07,0.0,0.0,-0.0,,,,,,,,,
CBBL,26.6,3.8,15.06,2.36,1.91,2.61,70.0,112.0,5.3495,0.3116,48580869.968,2830197.76496,,9081350.73705,57662220.70498,
CFCL,42.2,4.6,11.61,1.34,0.0,0.0,0.0,195.0,7.5752,0.0,8779690.086,0.0,,1159008.436,9938698.522,
CGH,150.9,7.3,5.04,2.12,0.0,0.0,0.0,600.0,,,,,,,,
CHCL,46.4,2.8,6.23,5.97,8.37,3.41,158.0,142.0,,,,,,,,
CHDC,39.3,8.9,26.15,25.67,1.31,0.46,18.0,295.0,0.0209,,58018.709,,8225.15764,2779737.00964,2837755.71828,
CHL,155.2,3.2,2.07,0.99,0.0,0.0,0.0,367.0,,,,,,,,
CIT,88.1,11.5,13.06,0.41,8.25,0.74,66.0,570.0,34.6842,,359902920.0,,,10376575.0,370279495.0,
CITY,-61.5,3.7,0.0,-3.05,0.0,0.0,-0.0,,,,,,,,,
CKHL,44.0,5.8,14.14,4.46,0.0,0.0,0.0,237.0,1.9597,1.8119,785425.242,726160.251,96728.32,400778.987,1186204.229,
CLI,56.3,3.3,5.69,1.48,0.0,4.55,256.0,189.0,,,,,,,,
CORBL,83.3,5.7,6.94,1.68,2.78,0.0,0.0,359.0,,,,,,,,
CREST,3262.5,10.5,0.31,0.22,0.0,0.0,0.0,3794.0,,,,,,,,
CYCL,14.7,4.6,38.63,4.02,0.0,0.78,12.0,73.0,6.6233,2.9054,6312882.62,2769236.55,,953132.38,7266015.0,
CZBIL,15.8,1.3,8.9,0.84,0.63,1.87,30.0,-3.0,9.7942,0.0,243793487.796,0.0,,24891646.851,268685134.647,
DDBL,17.9,3.8,23.35,3.53,0.6,1.74,31.0,74.0,5.378,2.4818,25074267.685,11570855.675,,4662358.649,29736626.334,
DHEL,-56.1,4.7,0.0,-3.53,0.0,0.0,-0.0,,,,,,,,,
DHPL,49.9,32.8,88.27,1.9,0.0,0.0,0.0,753.0,,,,,,,,
DLBS,76.7,8.0,9.59,0.82,0.0,0.0,0.0,422.0,11.2703,5.1916,2258719.245,1040474.04285,,200413.68151,2459132.92604,
DOLTI,344.8,5.0,1.49,0.45,0.0,0.0,0.0,775.0,,,,,,,,
DORDI,185.0,2.5,1.35,0.99,6.17,0.0,0.0,351.0,,,,,,,,
EBL,18.9,2.7,15.26,1.35,1.11,2.15,41.0,51.0,9.9047,0.0,348566353.0,0.0,,35191883.0,383758236.0,
ECL,175.7,11.1,6.32,5.33,0.0,0.0,0.0,832.0,,,,,,,,
EDBL,23.2,3.2,14.35,1.56,0.77,0.0,0.0,83.0,8.5966,0.0,19106959.947,0.0,,2222620.378,21329580.32519,
EHPL,96.3,4.3,4.45,1.92,0.0,0.0,0.0,328.0,,,,,,,,
ENL,203.8,5.0,2.46,2.4,441.62,0.91,185.0,573.0,,,,,,,,
FMDBL,53.6,5.5,10.73,3.18,11.62,0.86,46.0,263.0,2.0851,2.0372,3848887.355,3760426.966,,1845908.415,5694795.77,
FOWAD,17.3,3.2,20.46,2.71,0.58,0.0,0.0,57.0,6.2259,0.0,20742163.367,0.0,,3331596.502,24073759.869,
GBBL,16.2,2.6,17.18,1.58,0.74,4.41,71.0,36.0,9.5911,0.0,102368406.946,0.0,,10673242.031,113041648.977,
GBIME,14.9,1.3,9.14,0.83,8.59,4.1,61.0,-6.0,10.7578,0.1305,750963825.0,9112511.0,,69806264.0,820770089.0,
GBLBS,26.1,2.4,9.31,1.73,0.0,0.0,0.0,66.0,4.5986,0.0102,13437680.596,29870.1,,2922136.847,16359817.443,
GCIL,-65.4,2.4,0.0,-1.4,0.0,2.49,-163.0,,,,,,,,,
GFCL,38.6,2.7,6.77,0.88,0.0,0.0,0.0,117.0,7.1047,0.0,14183752.317,0.0,,1996393.137,16180145.454,
GHL,-191.3,2.7,0.0,-0.94,0.0,0.0,-0.0,,,,,,,,,
GILB,18.4,4.7,28.9,3.65,0.61,0.44,8.0,96.0,6.5651,0.0,10324439.68,0.0,,1572618.237,11897057.917,
GLBSL,54.6,10.0,19.8,1.83,2.11,0.59,32.0,393.0,9.3377,6.1618,2095055.623,1382500.218,,224364.71,2319420.333,
GLH,119.8,2.5,3.0,0.39,0.0,0.0,0.0,264.0,,,,,,,,
GMFBS,39.2,7.1,16.19,1.67,1.91,0.0,0.0,252.0,9.42,6.8295,2255619.802,1635313.80036,,239450.01785,2495069.82,
GMFIL,92.3,2.7,2.84,0.46,3.08,0.0,0.0,231.0,,,,,,,,
GMLI,462.1,9.2,2.0,1.41,0.0,0.0,0.0,1277.0,,,,,,,,
GRDBL,81.6,7.8,10.24,1.02,2.72,0.83,68.0,432.0,,,,,,,,
GUFL,19.6,3.0,16.84,2.03,0.65,0.0,0.0,61.0,6.6835,0.0,9712782.463,0.0,,1453241.223,11166023.686,
GVL,37.8,3.9,10.64,4.11,1.26,2.04,77.0,157.0,1.5216,1.5102,6502816.676,6454129.721,691686.955,4273788.39,10776605.066,
HATHY,759.1,6.6,0.88,0.7,0.0,1.32,1006.0,1394.0,,,,,,,,
HBL,29.8,1.1,3.77,0.46,0.0,0.0,0.0,21.0,,,,,,,,
HDHPC,-64.8,3.1,0.0,-4.03,0.0,0.0,-0.0,,,,,,,,,
HDL,40.1,9.3,26.27,22.94,1.34,1.91,76.0,307.0,0.1068,0.0,557110.243,0.0,472299.987,5215905.516,5773015.759,
HEI,35.0,2.2,6.47,2.94,0.0,1.69,59.0,85.0,1.0052,,5376658.103,,,5348801.363,10725459.466,
HFIN,-50.5,5.8,0.0,-5.56,0.0,0.0,-0.0,,,,,,,,,
HHL,46.7,4.0,8.87,3.54,0.0,0.0,0.0,189.0,,,,,,,,
HIDCL,93.9,2.3,2.41,2.36,0.0,1.37,128.0,208.0,,,,,,,,
HIMSTAR,-21.7,9.5,0.0,-8.37,0.0,0.0,-0.0,,,,,,,,,
HLBSL,27.8,4.7,18.35,1.81,0.93,0.81,22.0,141.0,8.7138,6.3345,5514172.67,4008545.142,,632810.037,6146982.707,
HLI,89.0,3.3,3.36,0.33,0.0,0.0,0.0,262.0,,,,,,,,
HPPL,30.2,2.9,11.96,3.67,0.0,0.0,0.0,98.0,1.6169,1.594,3373553.704,3325803.509,446437.694,2086469.821,5460023.525,
HRL,-23.7,4.4,0.0,-9.3,0.0,0.88,-21.0,,,,,,,,,
HURJA,33.9,2.6,8.01,4.17,0.0,0.0,0.0,99.0,,,,,,,,
ICFC,26.7,3.1,12.34,1.06,0.89,1.77,47.0,93.0,10.6878,0.0,23946937.248,0.0,,2240578.642,26187515.89,
IGI,2948.0,2.2,0.07,0.03,0.0,1.27,3751.0,1594.0,,,,,,,,
IHL,-62.5,3.6,0.0,-1.29,0.0,0.0,-0.0,,,,,,,,,
ILBS,25.9,5.9,24.17,2.93,0.86,0.0,0.0,160.0,6.5569,4.2958,5274952.531,3455938.134,,804489.598,6079442.129,
ILI,36.6,3.2,8.69,2.47,5.59,4.92,180.0,127.0,,,,,,,,
JBBL,15.4,2.1,14.53,1.35,0.51,0.0,0.0,19.0,9.3666,0.0,70395496.917,0.0,,7515553.932,77911050.849,
JBLB,20.7,4.6,24.48,3.4,0.69,1.09,23.0,105.0,5.9955,0.0946,29393356.047,463810.468,,4902565.427,34295921.474,
JFL,210.6,,0.0,0.2,0.0,5.26,1108.0,,,,,,,,,
JHAPA,269.2,10.2,3.78,1.75,0.0,0.0,0.0,1004.0,,,,,,,,
JOSHI,-40.4,4.1,0.0,-8.87,0.0,0.0,-0.0,,,,,,,,,
JSLBB,90.5,5.5,6.36,0.77,4.04,0.0,0.0,372.0,,,,,,,,
KAHL,129.5,4.8,3.68,1.22,0.0,0.0,0.0,423.0,,,,,,,,
KBL,8.0,1.3,18.34,1.6,0.27,0.93,7.0,-31.0,9.9464,0.0,445540640.084,0.0,,44794071.161,490334711.245,
KBSH,108.2,6.2,5.84,5.16,0.0,1.24,134.0,446.0,,,,,,,,
KDL,68.8,5.8,8.81,7.41,0.0,1.35,93.0,320.0,,,,,,,,
KHPL,650.1,6.7,1.04,0.44,0.0,0.0,0.0,1296.0,,,,,,,,
KKHC,-91.5,3.2,0.0,-1.88,0.0,0.0,-0.0,,,,,,,,,
KMCDB,30.2,4.6,16.27,2.26,1.01,1.15,35.0,149.0,6.2177,3.4852,4983729.227,2793510.153,,801542.665,5785271.892,
KPCL,41.5,3.7,9.34,8.58,3.92,1.5,62.0,162.0,,,,,,,,
KSBBL,20.1,2.6,14.0,1.18,1.02,3.35,67.0,53.0,9.8761,0.0,68682063.07,0.0,,6954351.263,75636414.333,
LBBL,20.6,2.3,11.8,1.27,1.1,0.0,0.0,44.0,7.7721,0.0,60192852.805,0.0,,7744757.708,67937610.513,
LEC,227.1,3.6,1.62,0.42,0.0,0.0,0.0,504.0,,,,,,,,
LICN,108.6,4.5,4.1,0.27,3.62,2.63,285.0,366.0,,,,,,,,
LLBS,35.5,4.2,13.07,1.6,1.18,0.0,0.0,158.0,7.1695,3.8431,6464754.155,3465345.947,,901700.921,7366455.076,
LSL,21.5,1.4,6.8,0.66,0.0,4.0,86.0,16.0,,,,,,,,
MABEL,-498.1,5.7,0.0,-0.36,0.0,0.0,-0.0,,,,,,,,,
MAKAR,39.9,3.6,9.23,2.86,0.0,0.0,0.0,152.0,,,,,,,,
MANDU,31.7,4.5,15.42,6.13,0.0,1.62,51.0,153.0,1.3582,1.3149,3016703.591,2920504.165,616199.425,2221108.321,5237811.912,
MATRI,16.1,5.0,29.46,2.28,0.0,0.0,0.0,89.0,12.3508,6.1673,11285868.833,5635555.272,,913776.549,12199645.382,
MBJC,104.7,3.1,2.99,0.76,0.0,0.0,0.0,278.0,,,,,,,,
MBL,16.7,1.5,9.51,0.79,0.75,2.32,39.0,6.0,9.8937,0.0,232855876.639,0.0,,23535874.213,256391750.852,
MCHL,-261.8,,0.0,-0.4,0.0,0.0,-0.0,1007.0,,,,,,,,
MDB,48.3,3.9,8.25,1.44,0.0,1.79,86.0,190.0,,,,,,,,
MEHL,147.5,4.0,2.7,1.07,0.0,0.0,0.0,409.0,,,,,,,,
MEL,-77.3,3.7,0.0,-1.48,0.0,0.0,-0.0,,,,,,,,,
MEN,25.6,4.3,18.17,10.73,0.85,3.22,82.0,122.0,0.6131,0.5857,2887177.417,2758310.217,597900.271,4709200.021,7596377.438,
MEPDL,64.8,5.9,9.06,3.81,0.0,0.0,0.0,311.0,,,,,,,,
MERO,71.7,4.1,5.63,0.73,0.0,0.82,59.0,259.0,,,,,,,,
MFIL,27.5,3.9,15.47,1.38,1.45,1.96,54.0,120.0,9.8463,0.0,25767647.12,0.0,,2616984.08,28384631.2,
MHCL,41.2,3.4,8.38,4.98,0.0,0.0,0.0,149.0,,,,,,,,
MHL,52.2,3.9,7.81,5.57,1.74,1.09,57.0,202.0,,,,,,,,
MHNL,19.7,3.6,33.21,4.51,0.0,0.0,0.0,77.0,3.5105,3.0989,3076567.879,2715837.259,595575.672,876381.738,3952949.617,
MKCL,2292.4,8.4,0.36,0.22,0.0,0.92,2115.0,2822.0,,,,,,,,
MKHC,166.4,4.3,2.55,0.5,0.0,0.0,0.0,462.0,,,,,,,,
MKHL,36.5,4.4,13.28,7.03,0.0,0.0,0.0,168.0,1.2083,0.9325,541762.47,418095.65,309881.381,448381.585,990144.055,
MKJC,715.2,3.2,0.44,0.22,0.0,0.0,0.0,913.0,,,,,,,,
MLBBL,48.8,5.8,10.96,1.44,12.41,1.46,71.0,255.0,7.8778,0.0,3384546.499,0.0,,429631.87809,3814178.37723,
MLBL,25.5,2.2,8.72,0.98,1.62,2.81,72.0,56.0,7.7177,0.0,57594372.079,0.0,,7462643.343,65057015.422,
MLBS,41.3,9.9,19.22,1.62,2.22,0.0,0.0,326.0,14.9324,3.1693,1683782.351,357365.5,,112760.244,1796542.595,
MLBSL,29.7,7.6,16.64,1.45,0.0,0.0,0.0,216.0,16.0,8.3381,5176294.28,2697521.989,,323519.075,5499813.355,
MMKJL,32.4,3.6,11.55,1.26,0.0,0.0,0.0,127.0,,,,,,,,
MNBBL,17.8,2.1,12.36,1.12,1.98,5.4,96.0,28.0,9.8959,0.0,128115904.0,0.0,,12946416.0,141062320.0,
MPFL,66.0,4.8,7.36,1.28,2.2,0.0,0.0,276.0,,,,,,,,
MSHL,37.8,4.7,12.95,5.67,0.0,2.73,103.0,180.0,1.1954,1.1862,1216760.542,1207380.0,50380.542,1017858.211,2234618.753,
MSLB,24.3,5.3,23.68,3.82,0.81,0.41,10.0,139.0,6.544,3.8878,5779193.033,3433405.55119,,883131.35365,6662324.38663,
NABBC,-73.4,25.5,0.0,-8.66,0.0,0.0,-0.0,,,,,,,,,
NABIL,20.5,2.3,11.36,1.08,6.6,2.64,54.0,45.0,9.2179,0.0,662825059.0,0.0,,71906565.0,734731624.0,
NADEP,23.5,3.6,17.72,2.08,4.73,0.0,0.0,94.0,6.8495,3.22,6397756.19,3007674.713,,934049.73,7331805.92,
NBL,9.5,1.0,11.4,1.04,0.32,0.0,0.0,-34.0,10.4598,0.0,442179588.604,0.0,,42274107.512,484453696.116,
NESDO,28.9,4.8,17.06,3.3,0.96,0.0,0.0,147.0,3.9644,0.0,3292800.549,0.0,,830584.27047,4123384.81935,
NFS,-55.2,4.0,0.0,-1.28,0.0,0.0,-0.0,,,,,,,,,
NGPL,318.8,2.9,0.85,0.71,10.63,1.24,395.0,543.0,,,,,,,,
NHDL,45.2,5.1,11.69,9.52,2.11,1.42,64.0,219.0,0.1661,0.1343,87768.0,71000.0,63267.0,528561.0,616329.0,
NHPC,-285.7,2.8,0.0,-0.67,0.0,0.0,-0.0,,,,,,,,,
NICA,259.7,1.8,0.65,0.05,0.0,0.0,0.0,360.0,,,,,,,,
NICL,91.1,2.6,2.89,1.65,0.0,1.38,126.0,223.0,,,,,,,,
NICLBSL,73.7,4.8,5.84,0.53,0.0,0.0,0.0,296.0,,,,,,,,
NIFRA,55.3,2.2,3.9,2.38,0.0,2.08,115.0,130.0,,,,,,,,
NIL,50.9,2.3,4.65,2.42,0.0,2.98,152.0,130.0,,,,,,,,
NIMB,24.2,1.0,4.08,0.46,0.0,0.0,0.0,3.0,,,,,,,,
NLG,236.3,3.1,1.29,0.61,0.0,1.44,340.0,468.0,,,,,,,,
NLIC,151.7,5.9,3.84,0.17,0.0,2.83,429.0,531.0,,,,,,,,
NLICL,89.3,4.6,5.11,0.34,0.0,2.15,192.0,325.0,,,,,,,,
NLO,4.3,0.5,11.93,5.0,0.38,7.74,33.0,-70.0,1.2358,0.7224,626635.846,366287.394,571039.776,507076.973,1133712.819,
NMB,13.2,1.4,11.27,1.02,0.49,3.89,51.0,-9.0,9.441,0.0506,359321534.0,1926875.0,,38059771.0,397381305.0,
NMBMF,30.0,4.1,14.3,1.74,0.0,0.0,0.0,133.0,8.2484,5.6016,8971477.444,6092627.87,,1087658.818,10059136.262,
NMFBS,20.5,4.3,23.96,2.84,0.68,1.25,26.0,98.0,7.1766,4.985,30496274.0,21183343.0,,4249402.0,34745676.0,
NMIC,144.6,7.7,5.52,3.74,0.0,0.0,0.0,605.0,,,,,,,,
NMLBBL,30.2,2.7,8.46,1.11,0.0,0.0,0.0,91.0,7.0362,3.7472,18351273.843,9773306.896,,2608129.026,20959402.869,
NRIC,-20.5,7.5,0.0,-14.21,0.0,0.61,-13.0,,,,,,,,,
NRM,-90.7,3.4,0.0,-2.56,0.0,0.0,-0.0,,,,,,,,,
NRN,-327.5,8.4,0.0,-2.15,0.0,2.97,-972.0,,,,,,,,,
NTC,18.4,1.6,9.3,6.76,1.17,3.31,61.0,15.0,0.3764,,37769607.0,,20266850.0,100356484.0,138126091.0,
NUBL,8.8,2.7,32.1,6.5,0.29,1.99,17.0,3.0,4.0363,0.2611,24485185.094,1583694.773,,6066243.69,30551428.784,
NWCL,-92.1,5.8,0.0,-2.6,0.0,0.0,-0.0,,,,,,,,,
NYADI,130.3,5.1,3.81,0.86,0.0,0.0,0.0,444.0,,,,,,,,
OHL,-159.3,2.0,0.0,-0.79,0.0,0.78,-125.0,,,,,,,,,
OMPL,-138.3,8.9,0.0,-2.53,0.0,0.0,-0.0,,,,,,,,,
PCBL,13.1,1.5,11.69,1.27,2.99,3.11,41.0,-8.0,8.1228,0.0,299229555.896,0.0,,36838393.361,336067949.257,
PCIL,593.5,4.9,0.83,0.39,0.0,0.0,0.0,1037.0,,,,,,,,
PHCL,143.2,3.1,2.29,0.62,0.0,0.0,0.0,346.0,,,,,,,,
PMHPL,50.9,3.7,7.39,2.61,1.7,0.0,0.0,189.0,,,,,,,,
PMLI,59.8,3.6,6.22,1.63,46.78,1.99,119.0,210.0,,,,,,,,
PPCL,37.9,3.4,9.19,2.91,0.0,0.0,0.0,139.0,,,,,,,,
PPL,-141.7,3.2,0.0,-2.23,0.0,0.0,-0.0,,,,,,,,,
PRIN,44.4,3.1,7.07,3.3,0.0,1.52,68.0,146.0,1.0841,,3868676.794,,,3568483.318,7437160.112,
PROFL,66.1,4.7,7.67,0.59,0.0,0.0,0.0,270.0,,,,,,,,
PRVU,-182.8,1.3,0.0,-0.06,0.0,0.0,-0.0,,,,,,,,,
PURE,258.3,7.9,3.05,1.09,0.0,0.0,0.0,851.0,,,,,,,,
RADHI,36.5,4.2,12.24,10.28,1.22,0.0,0.0,162.0,0.1519,0.1033,475329.007,323250.328,97813.367,3128912.265,3604241.272,
RAWA,37.3,4.8,13.63,4.75,0.0,0.0,0.0,182.0,,,,,,,,
RBCL,108.4,2.2,2.0,1.38,0.0,0.0,0.0,224.0,0.4525,,7731005.476,,,17083695.235,24814700.711,
RFPL,124.0,2.8,2.42,1.36,0.0,0.0,0.0,293.0,,,,,,,,
RHGCL,-121.9,2.8,0.0,-1.41,0.0,0.0,-0.0,,,,,,,,,
RHPL,-8.1,2.6,0.0,-6.15,0.0,0.0,-0.0,,,,,,,,,
RIDI,168.4,3.4,2.01,1.25,0.0,0.0,0.0,402.0,,,,,,,,
RLEL,61.5,5.8,9.47,5.44,0.0,0.0,0.0,299.0,,,,,,,,
RLFL,94.0,3.6,4.09,0.46,3.13,0.0,0.0,289.0,,,,,,,,
RNLI,39.1,3.0,7.56,2.44,0.0,2.74,107.0,126.0,,,,,,,,
RSDC,47.0,4.8,10.54,2.55,0.0,1.27,60.0,216.0,3.1824,3.1032,4313131.781,4205867.554,,1355319.491,5668451.272,
RSML,131.1,5.5,4.17,2.85,0.0,1.09,143.0,465.0,0.4633,0.0594,4430361.646,568447.37517,2270906.85543,9563097.20184,13993458.84762,
RURU,58.1,4.7,8.07,6.45,0.0,1.74,101.0,248.0,,,,,,,,
SABBL,597.9,8.4,1.41,0.35,0.0,0.0,0.0,1395.0,,,,,,,,
SADBL,17.0,2.4,15.26,1.39,0.57,2.6,44.0,34.0,9.4348,0.0,59713434.847,0.0,,6329084.463,66042519.31,
SAGAR,-203.8,13.4,0.0,-3.72,0.0,0.0,-0.0,,,,,,,,,
SAHAS,23.4,3.8,17.64,7.42,0.78,3.17,74.0,100.0,1.2352,1.2184,10201875.289,10063442.793,1338028.866,8259580.09,18461455.379,
SAIL,908.7,9.2,1.01,0.58,0.0,0.0,0.0,1825.0,,,,,,,,
SALICO,44.6,2.3,5.14,2.06,0.0,2.81,126.0,113.0,,,,,,,,
SANIMA,14.8,2.0,14.13,1.24,0.77,2.72,40.0,13.0,9.5549,0.0,263622542.613,0.0,,27590255.826,291212798.439,
SANVI,-72.4,5.3,0.0,-2.48,0.0,0.0,-0.0,,,,,,,,,
SAPDBL,33.5,7.0,24.21,1.66,1.12,0.99,33.0,223.0,12.978,0.0,9389561.196,0.0,,723495.55,10113056.746,
SAPIL,267.4,12.0,4.5,3.58,0.0,0.74,198.0,1096.0,,,,,,,,
SARBTM,39.0,4.1,10.87,6.99,1.3,2.42,94.0,167.0,0.5902,0.4223,6161399.159,4407852.373,5478177.907,10438893.478,16600292.637,
SBI,22.4,2.1,9.62,0.83,29.6,2.23,50.0,44.0,10.2517,0.0,226284634.496,0.0,,22072888.459,248357522.955,
SBL,20.9,2.0,10.19,0.91,5.97,4.38,92.0,37.0,9.5561,0.0662,352812618.424,2445931.194,,36920198.873,389732817.297,
SCB,23.2,2.9,12.96,1.69,0.0,2.89,67.0,73.0,6.9417,0.0,157389727.0,0.0,,22672995.0,180062722.0,
SGHC,26.8,3.6,13.9,3.49,0.0,0.0,0.0,106.0,,,,,,,,
SGHL,52.1,4.4,8.34,3.13,0.0,0.0,0.0,218.0,,,,,,,,
SGIC,66.9,2.6,4.05,1.62,0.0,1.3,87.0,179.0,,,,,,,,
SHEL,44.6,2.8,6.27,3.21,0.0,1.65,74.0,134.0,,,,,,,,
SHINE,18.4,2.7,15.55,1.75,0.61,3.7,68.0,49.0,9.9503,0.0,79695117.698,0.0,,8009292.534,87704410.232,
SHIVM,50.1,3.7,7.57,6.05,1.67,1.78,89.0,188.0,0.2382,0.0005,2514588.668,5502.368,2308188.823,10557565.882,13072154.55,
SHL,80.0,18.2,25.21,24.45,6.38,0.32,25.0,703.0,,,,,,,,
SHLB,42.6,4.5,11.95,1.12,0.0,0.0,0.0,193.0,9.0201,5.3889,2845081.52,1699760.81,,315417.14,3160498.66,
SHPC,68.1,3.9,5.01,4.43,0.0,1.87,127.0,243.0,,,,,,,,
SICL,131.6,2.9,2.24,0.86,0.0,1.09,143.0,310.0,,,,,,,,
SIFC,103.9,3.4,3.31,0.45,0.0,1.33,138.0,298.0,,,,,,,,
SIKLES,40.8,5.0,13.16,6.91,1.36,2.61,107.0,202.0,0.8199,0.7605,914706.323,848436.45475,66269.86879,1115597.812,2030304.13511,
SINDU,2326.0,4.3,0.2,0.02,0.0,0.0,0.0,2012.0,,,,,,,,
SIPD,-73.7,6.1,0.0,-4.76,0.0,0.0,-0.0,,,,,,,,,
SJCL,110.4,3.0,2.69,0.63,0.0,0.0,0.0,281.0,,,,,,,,
SJLIC,54.7,3.4,5.99,0.69,0.0,3.13,171.0,187.0,,,,,,,,
SKBBL,57.9,3.5,6.09,1.6,0.0,1.95,113.0,199.0,2.8434,1.808,31069528.197,19755264.381,,10926715.50824,41996243.70483,
SKHEL,-175.6,9.3,0.0,-1.35,0.0,0.0,-0.0,,,,,,,,,
SKHL,39.0,5.1,13.14,4.63,0.0,0.0,0.0,198.0,1.8408,1.5779,4145499.14,3553386.26596,1138670.75517,2251970.08836,6397469.22849,
SLBBL,23.6,4.8,22.15,3.54,0.79,1.82,43.0,124.0,6.7359,2.8966,10330212.305,4442157.31817,,1533595.85743,11863808.1623,
SLBSL,34.4,7.1,21.97,1.97,0.0,0.0,0.0,229.0,9.1022,5.0128,2010018.495,1106976.587,,220827.895,2230846.39,
SMATA,38.8,4.8,12.87,1.72,1.29,0.77,30.0,188.0,6.6929,4.5426,6414954.13,4353902.68,,958469.52,7373423.65,
SMB,32.8,9.1,30.92,3.36,1.09,0.54,18.0,264.0,7.5588,0.0,2078864.21,0.0,,275024.328,2353888.538,
SMFBS,41.3,7.1,16.64,1.58,1.38,0.72,30.0,260.0,9.7263,6.3151,2947625.836,1913850.372,,303058.092,3250683.928,
SMH,88.0,4.7,5.68,2.78,0.0,4.07,358.0,331.0,,,,,,,,
SMHL,25.5,3.9,16.44,4.38,0.85,3.19,82.0,111.0,2.4747,2.3931,6846803.75,6621058.26,225745.49,2766682.24,9613485.99,
SMJC,108.9,3.8,3.49,1.77,0.0,1.15,126.0,327.0,,,,,,,,
SMPDA,23.1,4.3,19.17,2.09,0.77,0.0,0.0,110.0,7.8853,5.0292,9611539.942,6130113.04674,,1218914.4884,10830454.43,
SNLI,53.1,2.9,5.48,2.14,0.0,4.75,252.0,164.0,,,,,,,,
SNORL,75.4,8.0,10.64,3.71,0.0,1.11,84.0,418.0,,,,,,,,
SOHL,57.9,4.7,8.07,4.29,0.0,0.0,0.0,247.0,,,,,,,,
SONA,39.7,2.2,5.61,2.3,0.0,0.0,0.0,95.0,,,,,,,,
SOPL,0.0,,0.0,0.0,0.0,0.0,0.0,,,,,,,,,
SPC,100.0,3.6,3.65,0.93,0.0,0.0,0.0,301.0,,,,,,,,
SPDL,59.3,3.3,5.62,4.51,1.98,0.0,0.0,194.0,,,,,,,,
SPHL,511.2,5.6,1.06,0.57,17.04,0.0,0.0,1025.0,,,,,,,,
SPIL,53.5,2.4,4.58,1.53,0.0,4.01,215.0,139.0,,,,,,,,
SPL,112.5,5.9,5.24,4.34,3.75,0.0,0.0,442.0,,,,,,,,
SRLI,48.8,3.3,6.91,1.29,0.0,2.72,133.0,168.0,,,,,,,,
SSHL,-51.3,3.9,0.0,-2.39,0.0,0.0,-0.0,,,,,,,,,
STC,156.9,12.0,3.0,1.37,5.23,0.18,28.0,815.0,3.5721,0.0,6397670.216,0.0,6031077.62416,1791017.23411,8188687.44964,
SWASTIK,86.0,12.4,14.4,1.56,0.0,0.0,0.0,588.0,9.1059,7.5968,770981.092,643205.353,,84667.945,855649.037,
SWBBL,19.9,2.9,15.69,2.38,2.72,0.43,8.0,60.0,5.6358,1.2786,23859358.746,5413138.246,,4233509.747,28092868.493,
SWMF,31.3,4.0,13.01,1.69,1.04,0.0,0.0,135.0,6.691,2.6494,11492651.774,4550573.76,,1717615.849,13210267.623,
SYPNL,255.7,11.8,4.62,3.89,0.0,0.0,0.0,1058.0,,,,,,,,
TAMOR,28.5,4.1,15.66,4.4,0.95,0.99,28.0,129.0,2.3399,2.1638,10046000.258,9289858.349,1222039.962,4293356.721,14339356.979,
TPC,32.7,3.5,11.04,7.46,0.0,0.0,0.0,126.0,,,,,,,,
TPKHL,168.7,4.9,2.89,1.7,0.0,0.0,0.0,505.0,,,,,,,,
TRH,-22.6,6.9,0.0,-17.01,0.0,0.61,-14.0,,,,,,,,,
TSHL,-56.2,5.9,0.0,-2.29,0.0,0.0,-0.0,,,,,,,,,
TTL,764.6,6.6,0.86,0.54,0.0,0.0,0.0,1395.0,,,,,,,,
TVCL,-41.4,4.0,0.0,-1.72,0.0,0.0,-0.0,,,,,,,,,
UAIL,136.1,2.0,1.53,0.8,0.0,2.69,366.0,246.0,,,,,,,,
UHEWA,31.0,4.9,16.47,6.87,1.03,2.56,79.0,160.0,1.3307,0.0,918094.248,0.0,34714.638,689925.463,1608019.711,
ULBSL,48.2,8.4,19.44,1.83,1.61,0.0,0.0,323.0,7.8883,2.0906,2558369.411,678035.072,,324324.793,2882694.204,
ULHC,-59.6,3.8,0.0,-2.39,0.0,0.0,-0.0,,,,,,,,,
UMHL,97.4,5.3,5.52,3.48,3.25,1.25,122.0,378.0,,,,,,,,
UMRH,44.9,4.6,10.39,4.04,1.5,0.97,43.0,204.0,,,,,,,,
UNHPL,82.4,3.4,4.18,5.32,2.75,0.0,0.0,254.0,,,,,,,,
UNLB,36.5,5.1,13.94,1.35,11.32,0.0,0.0,187.0,9.5288,0.0,3505222.275,0.0,,367855.488,3873077.763,
UPCL,298.6,3.1,1.03,0.67,0.0,2.68,800.0,538.0,,,,,,,,
UPPER,41.4,4.3,9.61,1.2,0.0,0.0,0.0,183.0,,,,,,,,
USHEC,32.5,4.2,13.2,4.32,1.08,0.0,0.0,147.0,1.9937,1.9713,3203449.217,3167338.76518,259591.23541,1606755.34682,4810204.56406,
USHL,594.3,5.1,0.91,0.31,0.0,0.0,0.0,1066.0,,,,,,,,
USLB,40.8,6.4,17.06,1.63,1.36,0.0,0.0,241.0,8.9891,5.2898,3969194.987,2335753.24908,,441557.8716,4410752.85856,
VLBS,25.2,3.6,15.3,1.7,0.84,0.0,0.0,101.0,7.5549,0.0,10396872.244,0.0,,1376175.74945,11773047.99301,
VLUCL,82.4,2.8,3.62,1.35,0.0,0.0,0.0,222.0,,,,,,,,
YMHL,0.0,,0.0,0.0,0.0,0.0,0.0,,,,,,,,,
