symbol,realized_volatility
ACLBSL,0.24296403445266102
ADBL,0.18322567320072827
ADBLD83,0.15977735550163444
AHL,0.40357603885308124
AHPC,0.2807701619913561
AKJCL,0.46839058222848273
AKPL,0.2887435487495918
ALBSL,0.2904614265350982
ALICL,0.19452804811194424
ANLB,0.5475179423111921
APHL,0.8514088498111059
API,0.25215596938907914
AVYAN,0.34935901663651175
BANDIPUR,0.47231809932423974
BARUN,0.3110227293857268
BBC,0.2779049226484942
BEDC,0.3092536778518192
BFC,0.2976591759264044
BGWT,0.3491172204666061
BHCL,0.42483904296890396
BHDC,0.24022077537645647
BHL,0.3218470268271441
BHPL,0.346359174889054
BJHL,0.7855036114861141
BNHC,0.5305492602940594
BNT,0.23993374409311244
BPCL,0.26230455179459444
BUNGAL,0.6415949240782299
C30MF,0.22353089604628573
CBBL,0.18257420663836205
CFCL,0.385402551348482
CGH,0.1892837853847745
CHCL,0.2713860073339185
CHDC,0.2555158358826295
CHL,0.313958566374851
CIT,0.12407726410003174
CITY,0.4232092936421193
CKHL,0.4032453216876497
CLI,0.1885421958597321
CORBL,0.8454800842058271
CREST,0.5584867369268501
CSY,0.28325506807042744
CYCL,0.4382079662399946
CZBIL,0.237016978368977
DDBL,0.19869141485234695
DHEL,0.473935499746815
DHPL,0.3272160880460183
DLBS,0.5872720814765845
DOLTI,0.32606068853043846
DORDI,0.3238236732591206
EBL,0.12657897452509131
EBLD85,0.2662571234023544
ECL,1.2053001101576029
EDBL,0.2636047565067896
EHPL,0.2815059474103651
ENL,0.3959196019821853
FMDBL,0.45645966063455895
FOWAD,0.3845496124787953
GBBD85,0.19260493403488327
GBBL,0.16217415163391116
GBBLPO,0.2254982937712353
GBIME,0.22052847831087152
GBIMESY2,0.3092056765066026
GBLBS,0.23829089756738825
GCIL,0.33431294577223125
GFCL,0.3028030638932096
GHL,0.38469033261580426
GIBF1,0.23760392173549924
GILB,0.23128212365365394
GLBSL,0.28903796445418434
GLH,0.3094534034768799
GMFBS,0.301947056147962
GMFIL,0.2796246836964009
GMLI,0.3124571915771009
GRDBL,0.40795634761208427
GSY,0.23898052054152677
GUFL,0.3282717920205868
GVL,0.2053761572887809
GWFD83,0.21424502543373253
H8020,0.32278857993804827
HATHY,0.3722408972031596
HBL,0.23794270489633113
HDHPC,0.4125301089518142
HDL,0.18310161533788194
HEI,0.23301620796782294
HEIP,0.4304191414041931
HFIN,0.8013031977325333
HHL,0.30525493996352326
HIDCL,0.2681753414124264
HIDCLP,0.2736757043784497
HIMSTAR,0.5361944075280098
HLBSL,0.21211458558744517
HLI,0.21170451353304087
HLICF,0.32005163101700257
HPPL,0.3747562037984567
HRL,0.3320114572072148
HURJA,0.3454598753508729
ICFC,0.20738601023324335
ICFCD83,0.2964606074366169
ICFCD88,0.2217205680236708
ICFCD89,0.1297343555270028
IGI,0.2626420224607173
IHL,0.3372112725703783
ILBS,0.3070783634995804
ILI,0.16585567212784683
JBBD87,0.1688871194394402
JBBL,0.2749746747705256
JBLB,0.2489641887009668
JFL,0.3652963112804321
JHAPA,0.510841187338515
JOSHI,0.33389032588019657
JSLBB,0.24942421459261802
KAHL,0.7087747656702973
KBL,0.28222240273436294
KBLD86,0.3080293377945737
KBSH,0.37995931014396245
KDBY,0.289821600059624
KDL,0.383647340380602
KEF,0.29217513392032385
KHPL,0.9534934402520124
KKHC,0.5348465801654925
KMCDB,0.3497236651735519
KPCL,0.3606877299450349
KSBBL,0.2221570710404368
KSY,0.2901072555178232
LBBL,0.26550095075955316
LBBLD89,0.1423685793687151
LEC,0.42234501520180495
LICN,0.1749676723159713
LLBS,0.3002696956281619
LSH12,0.23951438697351687
LSL,0.22385068409563896
LUK,0.34454936882268405
LVF2,0.2711280722148596
MABEL,0.4316952040760713
MAKAR,0.29724823027849945
MANDU,0.29489445662150393
MATRI,0.22253569224349082
MBJC,0.2755867081511983
MBL,0.2402854150496372
MBLEF,0.23672259356496342
MCHL,0.36365849483087886
MDB,0.22407157468300476
MEHL,0.36996598778490675
MEL,0.29846905476099095
MEN,0.18771215190492008
MEPDL,1.188974352026075
MERO,0.2703145676161224
MFIL,0.2931453037531565
MFLD85,0.2176908414130347
MHCL,0.3043140878572385
MHL,0.24359888561024337
MHNL,0.3729922558822881
MKCL,0.24392537326502725
MKHC,0.34301028525543165
MKHL,0.436323034804489
MKJC,0.38931607810760255
MLBBL,0.3429470726345759
MLBL,0.23253558979302474
MLBS,0.30260045817210324
MLBSL,0.31454021871110177
MMF1,0.27968799574896014
MMKJL,0.35372719075206716
MNBBL,0.2122761166719793
MND84/85,0.11620254390098775
MNMF1,0.23817231482252615
MPFL,0.3585263178050415
MSHL,0.3799267654784352
MSLB,0.2704824414337915
NABBC,0.5050111366852672
NABIL,0.1532372642881971
NABILP,0.03497383598112675
NADEP,0.27052015875848157
NBF2,0.2309238404980854
NBF3,0.17358467436928865
NBL,0.24009789815587332
NBLD85,0.22127365061313783
NBLD87,0.2468077689341711
NCCD86,0.25186026930172145
NESDO,0.18952228190694945
NFS,0.35802436969045404
NGPL,0.247085358284332
NHDL,0.22223448914812735
NHPC,0.46662727474244825
NIBD84,0.1522854515817856
NIBLGF,0.4317153959219696
NIBLSTF,0.3082632391527358
NIBSF2,0.29629845584452713
NICA,0.2930176541704271
NICAD85/86,0.19693436042772405
NICD88,0.17535183832475065
NICFC,0.24123218386832987
NICGF2,0.2820470119523898
NICL,0.24974158346375125
NICLBSL,0.2465532238435315
NICSF,0.27918265781666096
NIFRA,0.23358359600978662
NIFRAGED,0.24808175955540474
NIL,0.19172815786997896
NIMB,0.24542657243184027
NIMBPO,0.2878898533870467
NLG,0.2775194271248738
NLIC,0.17774389774626345
NLICL,0.1841170151941746
NLO,0.22315158232355242
NMB,0.19672907680799143
NMBHF2,0.3056201039371768
NMBMF,0.24591304727260688
NMBUR93/94,0.3351155069102768
NMFBS,0.2070049367596953
NMFBSP,0.12992686740633566
NMIC,0.3604443034904393
NMLBBL,0.21070927000816542
NRIC,0.3824829095899026
NRM,0.3410044367936296
NRN,0.339054059865391
NSIF2,0.23166094620793903
NSY,0.2937517241012252
NTC,0.13874766447792022
NUBL,0.2033614622599776
NWCL,0.3425547562708613
NYADI,0.33033107730402417
OHL,0.24163263166543214
OMPL,0.33901080309870424
PBD88,0.24250722208326733
PBD93,0.12672779474170348
PBLD87,0.20018873543208585
PCBL,0.22143524903805137
PCIL,0.7262412400467798
PFL,0.24912525325986487
PHCL,0.3436658753603768
PMHPL,0.3953880050184358
PMLI,0.23805484398841306
PPCL,0.2980742783900236
PPL,0.33899814532246725
PRIN,0.24049746569314887
PROFL,0.27526154249697965
PRSF,0.19778852661455223
PRVU,0.25265667825900834
PSF,0.2571936261387847
PURE,0.5092930840111244
RADHI,0.2713968555431898
RAWA,0.3199199679902554
RBBD83,0.14042971796216558
RBBF40,0.36616748074427324
RBCL,0.2350997390960176
RBCLPO,0.3220063957990843
RFPL,0.33233933357530376
RHGCL,0.38988174901053013
RHPL,0.40608197163179177
RIDI,0.4572057543392956
RLEL,0.7446432515647268
RLFL,0.33746873218745366
RMF1,0.2589025183411118
RMF2,0.2560715324612362
RNLI,0.2071244333287047
RSDC,0.2317799811388543
RSML,0.7692227744180097
RSY,0.21318244070844483
RSY2,0.2424954517094978
RURU,0.25230332636011166
SABBL,0.7042628087107532
SADBL,0.21166535891756372
SAEF2,0.14206239707340867
SAGAR,0.45397165410478596
SAHAS,0.1761264047717769
SAIL,0.6178224414055713
SALICO,0.2068955768289065
SANIMA,0.17259276985154662
SANVI,0.4694187645584534
SAPDBL,0.5758866403820255
SAPIL,1.2753817188286507
SARBTM,0.18637603996279412
SBCF,0.306597804933906
SBI,0.21870047947555993
SBID83,0.13866131171258836
SBID89,0.2087620890198983
SBL,0.1648290433022571
SBLD89,0.23894028353834926
SCB,0.14493430987956107
SDBD87,0.20981820117367678
SEF,0.2807360856871483
SEF2,0.19891231109297555
SFEF,0.21538604998550506
SFMF,0.23481258706658734
SGHC,0.3551814306626856
SGHL,0.6535809750867566
SGIC,0.24563063564517099
SHEL,0.2881634176997017
SHINE,0.1887747710054877
SHIVM,0.23056903633481707
SHL,0.16835077330613965
SHLB,0.31214687562904625
SHPC,0.2264550778539224
SICL,0.20011727425701592
SIFC,0.3154141557936479
SIGS2,0.3026891641428106
SIGS3,0.27885372604640335
SIKLES,0.2379133351908536
SINDU,0.5670646709028828
SIPD,0.7890316339473697
SJCL,0.32008468741266655
SJLIC,0.20373360641535387
SKBBL,0.2005845103077068
SKHEL,0.7953040886145439
SKHL,0.7275084238751487
SLBBL,0.22362490112228156
SLBSL,0.3619357852602547
SLCF,0.26525980522775966
SMATA,0.21670461054470347
SMB,0.30491192807370243
SMFBS,0.32497834672147263
SMH,0.35770916628193705
SMHL,0.4015510236116876
SMJC,0.3270854703302214
SMPDA,0.19636125769393603
SNLI,0.21250124107619847
SNORL,0.9574001278164789
SOHL,0.6520780000652345
SONA,0.2758616134577614
SOPL,0.9019654401142837
SPC,0.26924355648033915
SPDL,0.3014516664558285
SPHL,0.35314332822642425
SPIL,0.2474085252260521
SPL,0.3486447921189834
SRLI,0.1825915841524088
SSHL,0.4120686054528092
STC,0.17518641973557122
SWASTIK,0.36655155415412893
SWBBL,0.26524918870779407
SWMF,0.20963704809124706
SYPNL,0.5962796375732466
TAMOR,0.2275720006773507
TPC,0.3043282502619623
TPKHL,0.826104063283325
TRH,0.20560282482860115
TSHL,0.5066039577717938
TTL,0.4451930871083246
TVCL,0.4994024926588708
UAIL,0.30938251787397175
UHEWA,0.3703222857792486
ULBSL,0.5641772316067875
ULHC,0.6802955091943973
UMHL,0.24245517389662646
UMRH,0.23442779857615006
UNHPL,0.354853753418079
UNLB,0.24451429103416897
UPCL,0.29184851833541603
UPPER,0.28941889180414443
USHEC,0.1909236373399257
USHL,0.32653540971551387
USLB,0.3087597769318699
VLBS,0.26093708419487366
VLUCL,0.2622964961080062
YMHL,0.808068653476255
