id,index_name,full_name,turnover_values,daily_gain,total_positive_gainer,total_negative_gainer,sector_pe,pe_fwd,sector_pb,peg,sector_roe,alpha,beta,sharpe_ratio,macd,rsi,_50_200_sma,investors,seasonal_investors,traders,created_at,updated_at,yearly_percent_change,macdsignal,sma_200,ltp,total_dividend_yield,roa,orders,sparkline,indexvalue
72493,NEPSE,NEPSE,5447313168.2,0.44,187,95,37.877451056476,,3.3899307746737,1.1907203391634,0.031592156287981,0.0,0.0,-,11.43523906085,54.676889859229,,,,,2026-09-24T09:14:59.000000Z,,-0.01975953024513,-8.0013301830893,2691.1661,2629.25,0.021062179902464,0.031592156287981,1.0,"{'current': [2513.42, 2522.66, 2538.11, 2542.77, 2560.84, 2545.4, 2531.55, 2559.49, 2585.04, 2633.62, 2612.42, 2624.36, 2647.22, 2652.7, 2618.03, 2629.81], 'time': ['2026-08-31', '2026-09-01', '2026-09-02', '2026-09-03', '2026-09-07', '2026-09-09', '2026-09-10', '2026-09-11', '2026-09-14', '2026-09-15', '2026-09-16', '2026-09-17', '2026-09-18', '2026-09-22', '2026-09-23', '2026-09-24'], 'min': 2513.42, 'max': 2652.7}","{'formatted_index': 'NEPSE', 'current': '2629.81', 'percent_change': '0.44', 'turn_over_value': 5447313168.2}"
72495,BANKING,Banking,730917037.2,0.46,16,4,17.080126609432,,1.4926944758432,0.80782218865884,0.099090087318504,0.10634111238778,0.85003120687959,-0.59060022706963,7.3677913903073,64.656475075183,,,,,2026-09-24T09:14:59.000000Z,,0.07072870489622,7.7171350733194,1427.71375,1504.77,0.025048685901106,0.0083183777947534,2.0,"{'current': [1414.12, 1416.78, 1427.15, 1430.65, 1447.14, 1444.89, 1437.96, 1449.19, 1460.51, 1488.36, 1478.89, 1487.47, 1511.16, 1516.46, 1497.87, 1504.77], 'time': ['2026-08-31', '2026-09-01', '2026-09-02', '2026-09-03', '2026-09-07', '2026-09-09', '2026-09-10', '2026-09-11', '2026-09-14', '2026-09-15', '2026-09-16', '2026-09-17', '2026-09-18', '2026-09-22', '2026-09-23', '2026-09-24'], 'min': 1414.12, 'max': 1516.46}","{'formatted_index': 'BANKING', 'current': '1504.77', 'percent_change': '0.46', 'turn_over_value': 730917037.2}"
72498,TRADING,Trading,6838673,0.97,2,0,156.88489413079,,0,5.2294964710263,0.03,-0.013445771567404,0.68157679980388,-0.89370426795499,9.1851388474266,50.470525692294,,,,,2026-09-24T09:14:59.000000Z,,-0.16493784410464,-14.101606531924,3614.42415,3270.07,0.0017975912277548,0.006865372776011,3.0,"{'current': [3180.71, 3183.61, 3206.61, 3241.67, 3238.64, 3187.88, 3179.06, 3223.8, 3268.36, 3298.63, 3275.42, 3282.74, 3310.87, 3279.97, 3238.56, 3270.07], 'time': ['2026-08-31', '2026-09-01', '2026-09-02', '2026-09-03', '2026-09-07', '2026-09-09', '2026-09-10', '2026-09-11', '2026-09-14', '2026-09-15', '2026-09-16', '2026-09-17', '2026-09-18', '2026-09-22', '2026-09-23', '2026-09-24'], 'min': 3179.06, 'max': 3310.87}","{'formatted_index': 'TRADING', 'current': '3270.07', 'percent_change': '0.97', 'turn_over_value': 6838673}"
72502,HOTELS,Hotels and Tourism,123117195.3,0.13,7,1,89.108189782931,,4.7463991104745,6.384263629622,0.08814439500261,-0.077611687464951,1.1341414124217,-1.5839884143134,23.387613010732,50.206427069044,,,,,2026-09-24T09:14:59.000000Z,,0.093094223719409,-40.007503322797,7407.7851,7171.19,0.0051541940071699,-0.0056932467324695,4.0,"{'current': [6989.28, 7035.66, 7057.03, 7063.55, 7085.7, 6987.77, 6952.45, 7025.2, 7085.85, 7186.66, 7124.96, 7185.78, 7210.19, 7232.77, 7161.86, 7171.19], 'time': ['2026-08-31', '2026-09-01', '2026-09-02', '2026-09-03', '2026-09-07', '2026-09-09', '2026-09-10', '2026-09-11', '2026-09-14', '2026-09-15', '2026-09-16', '2026-09-17', '2026-09-18', '2026-09-22', '2026-09-23', '2026-09-24'], 'min': 6952.45, 'max': 7232.77}","{'formatted_index': 'HOTELS', 'current': '7171.19', 'percent_change': '0.13', 'turn_over_value': 123117195.3}"
72501,DEVBANK,Development Bank,238439864,0.01,6,10,25.297161279912,,3.123322886484,0.95075681297541,0.12360332953462,-0.07597073795724,0.8166771428899,-1.3806734125418,15.998265234333,46.779302639085,,,,,2026-09-24T09:14:59.000000Z,,-0.061803619369936,-37.774183584569,5710.9626,5444.56,0.02003906312364,0.013103717467185,5.0,"{'current': [5385.72, 5391.91, 5423.86, 5434.72, 5442.15, 5312.84, 5294.63, 5350.68, 5397.46, 5492.54, 5452.4, 5473.54, 5495.64, 5519.32, 5443.83, 5444.56], 'time': ['2026-08-31', '2026-09-01', '2026-09-02', '2026-09-03', '2026-09-07', '2026-09-09', '2026-09-10', '2026-09-11', '2026-09-14', '2026-09-15', '2026-09-16', '2026-09-17', '2026-09-18', '2026-09-22', '2026-09-23', '2026-09-24'], 'min': 5294.63, 'max': 5519.32}","{'formatted_index': 'DEVBANK', 'current': '5444.56', 'percent_change': '0.01', 'turn_over_value': 238439864}"
72503,HYDROPOWER,HydroPower,1898422053.2,0.13,70,41,55.239660277903,,4.0749282302428,1.6322266404209,0.078148119860776,-0.068844988410587,1.3839069990255,-1.5161037525361,14.117619834089,48.630949110291,,,,,2026-09-24T09:14:59.000000Z,,0.033120310560253,-23.999511799551,3664.18885,3603.41,0.016320403395668,0.017701570588822,6.0,"{'current': [3437.13, 3472.14, 3505.21, 3496.87, 3514.75, 3497.36, 3477.88, 3541.79, 3583, 3648.98, 3611.01, 3633.99, 3665.08, 3659.63, 3598.63, 3603.41], 'time': ['2026-08-31', '2026-09-01', '2026-09-02', '2026-09-03', '2026-09-07', '2026-09-09', '2026-09-10', '2026-09-11', '2026-09-14', '2026-09-15', '2026-09-16', '2026-09-17', '2026-09-18', '2026-09-22', '2026-09-23', '2026-09-24'], 'min': 3437.13, 'max': 3665.08}","{'formatted_index': 'HYDROPOWER', 'current': '3603.41', 'percent_change': '0.13', 'turn_over_value': 1898422053.2}"
72496,FINANCE,Finance,145146196.2,0.1,9,4,46.49325349829,,3.591006607776,1.4086163058612,0.073577896433058,-0.058567249014169,1.0669205815427,-1.4966331877838,6.3401117620313,39.364199205785,,,,,2026-09-24T09:14:59.000000Z,,-0.077275225074474,-33.581222862824,2411.641,2233.28,0.019842010272272,0.0088020093446553,7.0,"{'current': [2236.65, 2242.36, 2262.83, 2255.02, 2245.11, 2198.29, 2183.58, 2193.75, 2230.54, 2280.33, 2262.82, 2268.1, 2267.53, 2255.64, 2230.87, 2233.28], 'time': ['2026-08-31', '2026-09-01', '2026-09-02', '2026-09-03', '2026-09-07', '2026-09-09', '2026-09-10', '2026-09-11', '2026-09-14', '2026-09-15', '2026-09-16', '2026-09-17', '2026-09-18', '2026-09-22', '2026-09-23', '2026-09-24'], 'min': 2183.58, 'max': 2280.33}","{'formatted_index': 'FINANCE', 'current': '2233.28', 'percent_change': '0.1', 'turn_over_value': 145146196.2}"
72499,NONLIFEINSU,Non Life Insurance,35959882.7,-0.33,4,10,69.340684329257,,2.4732220357619,0,0.04053836527527,-0.12716146849527,1.1862568570886,-1.7232303102752,60.929079003407,40.851394130871,,,,,2026-09-24T09:14:59.000000Z,,-0.15155899925317,-227.53722439931,10852.65205,9633.81,0.017634657640975,0.015725693082633,8.0,"{'current': [9243.71, 9324.14, 9316.86, 9290.7, 9484.94, 9335.62, 9262.31, 9422.06, 9565.18, 9835.84, 9745.87, 9751.05, 9798.18, 9795.79, 9666, 9633.81], 'time': ['2026-08-31', '2026-09-01', '2026-09-02', '2026-09-03', '2026-09-07', '2026-09-09', '2026-09-10', '2026-09-11', '2026-09-14', '2026-09-15', '2026-09-16', '2026-09-17', '2026-09-18', '2026-09-22', '2026-09-23', '2026-09-24'], 'min': 9243.71, 'max': 9835.84}","{'formatted_index': 'NONLIFEINSU', 'current': '9633.81', 'percent_change': '-0.33', 'turn_over_value': 35959882.7}"
72505,MANUFACTURE,Manu.& Pro.,1429705487.8,1.83,16,2,32.000794666015,,2.2912141687974,0.8527204983748,0.06949242039154,0.018041105853494,1.030574793935,-0.074273581179525,32.141771377271,63.448518049212,,,,,2026-09-24T09:14:59.000000Z,,0.46315782365295,35.225476083039,10080.2704,10833.44,0.016843437068805,0.037368849702754,9.0,"{'current': [10485.66, 10380.1, 10430.85, 10479.15, 10609.87, 10579.45, 10458.45, 10539.22, 10596.82, 10679.31, 10620.39, 10650.01, 10712.66, 10686.34, 10638.15, 10833.44], 'time': ['2026-08-31', '2026-09-01', '2026-09-02', '2026-09-03', '2026-09-07', '2026-09-09', '2026-09-10', '2026-09-11', '2026-09-14', '2026-09-15', '2026-09-16', '2026-09-17', '2026-09-18', '2026-09-22', '2026-09-23', '2026-09-24'], 'min': 10380.1, 'max': 10833.44}","{'formatted_index': 'MANUFACTURE', 'current': '10833.44', 'percent_change': '1.83', 'turn_over_value': 1429705487.8}"
72504,OTHERS,Others,50621733.3,0.04,5,4,63.240382250547,,3.4626870915927,1.1689641802689,0.030515667656227,-0.2865701897558,1.5772694358,-2.1444679445804,7.3012172644622,44.685576659843,,,,,2026-09-24T09:14:59.000000Z,,-0.26870191193742,-23.973294045197,2125.9671,1830.6,0.033112582781457,0.0021502232778339,10.0,"{'current': [1777.44, 1787.13, 1801.6, 1795.01, 1804.04, 1795.19, 1783.59, 1791.17, 1816.11, 1854.8, 1838.53, 1837.72, 1835.65, 1860.62, 1829.74, 1830.6], 'time': ['2026-08-31', '2026-09-01', '2026-09-02', '2026-09-03', '2026-09-07', '2026-09-09', '2026-09-10', '2026-09-11', '2026-09-14', '2026-09-15', '2026-09-16', '2026-09-17', '2026-09-18', '2026-09-22', '2026-09-23', '2026-09-24'], 'min': 1777.44, 'max': 1860.62}","{'formatted_index': 'OTHERS', 'current': '1830.6', 'percent_change': '0.04', 'turn_over_value': 50621733.3}"
72497,MICROFINANCE,Microfinance,210044345.6,0.61,36,13,29.01612572563,,4.813386461994,1.0628984455207,0.16643351256288,-0.050739219164476,0.8631394603586,-1.2765030870988,21.116040052889,56.599906401333,,,,,2026-09-24T09:14:59.000000Z,,-0.098242456011948,-13.674856286416,4798.46355,4558.7,0.0078397238796343,0.018278293081396,11.0,"{'current': [4368.48, 4370.82, 4389.97, 4401.83, 4428.75, 4416.71, 4391.68, 4434.35, 4469.38, 4547.63, 4509.9, 4534.89, 4568.91, 4590.96, 4530.62, 4558.7], 'time': ['2026-08-31', '2026-09-01', '2026-09-02', '2026-09-03', '2026-09-07', '2026-09-09', '2026-09-10', '2026-09-11', '2026-09-14', '2026-09-15', '2026-09-16', '2026-09-17', '2026-09-18', '2026-09-22', '2026-09-23', '2026-09-24'], 'min': 4368.48, 'max': 4590.96}","{'formatted_index': 'MICROFINANCE', 'current': '4558.7', 'percent_change': '0.61', 'turn_over_value': 210044345.6}"
72500,LIFEINSU,Life Insurance,84034534.6,0.7,13,1,63.852764035854,,3.3716531358459,5.710890022707,0.055830544625989,-0.067551927714167,1.0493616459864,-1.9227784322101,91.128051853214,58.886289107276,,,,,2026-09-24T09:14:59.000000Z,,-0.065537923475269,-38.745286736704,12561.2844,11884.47,0.028793391370313,0.0099747190377466,12.0,"{'current': [11062.72, 11162.14, 11172.2, 11181.24, 11232.55, 11209.11, 11189.78, 11299.25, 11464.2, 11761.61, 11642.71, 11768.63, 11948.61, 12047.44, 11800.79, 11884.47], 'time': ['2026-08-31', '2026-09-01', '2026-09-02', '2026-09-03', '2026-09-07', '2026-09-09', '2026-09-10', '2026-09-11', '2026-09-14', '2026-09-15', '2026-09-16', '2026-09-17', '2026-09-18', '2026-09-22', '2026-09-23', '2026-09-24'], 'min': 11062.72, 'max': 12047.44}","{'formatted_index': 'LIFEINSU', 'current': '11884.47', 'percent_change': '0.7', 'turn_over_value': 84034534.6}"
72506,INVESTMENT,Investment,262843153.7,0.11,3,5,83.634608698402,,4.0913348921654,3.382797362419,0.031797253020632,-0.020711432407409,1.0431456632104,-1.4732360440962,0.31210391839659,51.795199811497,,,,,2026-09-24T09:14:59.000000Z,,-0.10757156048015,-0.082543578326581,101.97325,96.65,0.0090968925807191,0.015262564308629,,"{'current': [92.82, 93.39, 93.81, 94.99, 95.05, 94.27, 93.9, 95.39, 96, 98.42, 97.62, 97.44, 97.54, 98.01, 96.54, 96.65], 'time': ['2026-08-31', '2026-09-01', '2026-09-02', '2026-09-03', '2026-09-07', '2026-09-09', '2026-09-10', '2026-09-11', '2026-09-14', '2026-09-15', '2026-09-16', '2026-09-17', '2026-09-18', '2026-09-22', '2026-09-23', '2026-09-24'], 'min': 92.82, 'max': 98.42}","{'formatted_index': 'INVESTMENT', 'current': '96.65', 'percent_change': '0.11', 'turn_over_value': 262843153.7}"
